cell,cm,cc,n,crpss,lat,lon
g-34p5_172p8,0.5235931863018095,0.8733319008459026,1200,0.40046483382244347,-34.5,172.8
g-34p5_172p9,0.5345542467489338,0.8491821297584101,1200,0.3705069524943807,-34.5,172.9
g-34p5_173p0,0.29868245044964065,0.6137932600996767,1200,0.5133826487421249,-34.5,173.0
g-34p6_172p8,0.7794249584676027,1.1239727023538824,1200,0.3065445834802836,-34.6,172.8
g-34p6_172p9,0.5945214516757401,0.9370211684672782,1200,0.3655197217708306,-34.6,172.9
g-34p7_172p9,0.44518482575218776,0.8361088718085861,1200,0.4675516063007332,-34.7,172.9
g-34p7_173p0,0.4474633277270243,0.7647263135015965,1200,0.41487128162474285,-34.7,173.0
g-34p8_173p0,0.22624810684084457,0.7049127407604828,1200,0.679040973785265,-34.8,173.0
g-34p9_173p1,0.26670918618008527,0.6870508390416702,1200,0.6118057485351398,-34.9,173.1
g-34p9_173p2,0.2930253697485156,0.7389271495258436,1200,0.6034448457651815,-34.9,173.2
g-34p9_173p4,0.2882038338498202,0.7317802156694233,1200,0.6061606645293425,-34.9,173.4
g-35p0_173p3,0.27593652427108634,0.7467515344327936,1200,0.6304841549730753,-35.0,173.3
g-35p0_173p4,0.24584789722603897,0.7591814816677966,1189,0.6761671574417862,-35.0,173.4
g-35p0_173p6,0.36167153613019737,0.7949545348652949,1200,0.5450412315825299,-35.0,173.6
g-35p1_173p2,0.3867143366436531,0.8362253253068775,1200,0.537547686083608,-35.1,173.2
g-35p1_173p3,0.2684865053728837,0.7366497753746808,1200,0.6355303234344654,-35.1,173.3
g-35p1_173p4,0.25724389991464,0.7203127140893291,1200,0.6428719153737746,-35.1,173.4
g-35p1_173p5,0.3455906883070868,0.7524471302966897,1200,0.540711002285542,-35.1,173.5
g-35p1_173p6,0.44875421695485024,0.8155402701254935,1200,0.4497460966755241,-35.1,173.6
g-35p1_173p7,0.3020493061684261,0.7699280670719842,1200,0.6076915245899379,-35.1,173.7
g-35p1_173p8,0.3135810373220092,0.7858476689023276,1200,0.6009646020073848,-35.1,173.8
g-35p1_173p9,0.23154688750833136,0.7244494238014644,1200,0.6803822600985505,-35.1,173.9
g-35p2_173p1,0.18083201887101397,0.6637916955150043,1200,0.7275771599843306,-35.2,173.1
g-35p2_173p2,0.19959485781788394,0.8299092937850704,1200,0.7594979845236256,-35.2,173.2
g-35p2_173p3,0.3717278973209039,0.8109823770355433,1200,0.5416325830905053,-35.2,173.3
g-35p2_173p4,0.26578679153399665,0.7624328900594264,1200,0.6513964769892333,-35.2,173.4
g-35p2_173p5,0.24057117173089812,0.7470646982096757,1200,0.6779781291936003,-35.2,173.5
g-35p2_173p6,0.2579918597816831,0.7341473953860501,1200,0.6485830210621144,-35.2,173.6
g-35p2_173p7,0.15277258106412603,0.6625146325336149,1200,0.7694049707553069,-35.2,173.7
g-35p2_173p8,0.21305264015129496,0.7127557795044656,1200,0.7010860574158836,-35.2,173.8
g-35p2_173p9,0.22940899490320446,0.7115368512164181,1200,0.6775866288428842,-35.2,173.9
g-35p2_174p0,0.17914029266937104,0.6708497144140277,1184,0.7329650906599161,-35.2,174.0
g-35p3_173p2,0.29236342283243566,0.8057443622841189,1200,0.6371511405880077,-35.3,173.2
g-35p3_173p3,0.310681989968426,0.7455361184912424,1200,0.5832770777126668,-35.3,173.3
g-35p3_173p4,0.35837419698511164,0.7674062160440986,1182,0.5330058716067034,-35.3,173.4
g-35p3_173p5,0.35343411795641355,0.8062812321721124,1185,0.5616490824122669,-35.3,173.5
g-35p3_173p6,0.4135077900714058,0.8522339947288856,1200,0.514795475621749,-35.3,173.6
g-35p3_173p7,0.3837681808064144,0.7819834524268905,1200,0.5092374658116007,-35.3,173.7
g-35p3_173p8,0.4505016204132545,0.9100187864061445,1200,0.5049534942103997,-35.3,173.8
g-35p3_173p9,0.39978107148260383,0.8122937105689197,1200,0.5078368005550573,-35.3,173.9
g-35p3_174p0,0.25701219859432367,0.769183626814435,1200,0.6658636642348503,-35.3,174.0
g-35p3_174p1,0.21815019383267245,0.7252432974490026,1200,0.6992041228095427,-35.3,174.1
g-35p3_174p2,0.26764736749722484,0.7450409836306547,1200,0.6407615508707265,-35.3,174.2
g-35p4_173p3,0.2874324751647219,0.7405541551873709,1200,0.6118683918639314,-35.4,173.3
g-35p4_173p4,0.37203584471393986,0.7724240274944653,1200,0.5183528328077474,-35.4,173.4
g-35p4_173p5,0.2751971650938777,0.7698473930188144,1200,0.6425302370451074,-35.4,173.5
g-35p4_173p6,0.26391239939312405,0.8174284207914024,1200,0.6771431079707085,-35.4,173.6
g-35p4_173p7,0.1347877174668059,0.6341090577390666,1200,0.7874376405418411,-35.4,173.7
g-35p4_173p8,0.2849385824698686,0.780757772216263,1200,0.6350486762865768,-35.4,173.8
g-35p4_173p9,0.2858818619006928,0.8129858185180152,1200,0.6483556596081537,-35.4,173.9
g-35p4_174p0,0.15005568032700317,0.707508474389712,1200,0.7879097060195084,-35.4,174.0
g-35p4_174p1,0.36432086260805396,0.8663004485114167,1200,0.5794520674275598,-35.4,174.1
g-35p4_174p2,0.206539572950438,0.7783891056881597,1200,0.734657677707552,-35.4,174.2
g-35p4_174p3,0.2921378369789272,0.7974108659553653,1200,0.6336420163664042,-35.4,174.3
g-35p4_174p4,0.2994780006250584,0.7100042480727037,1200,0.5782025228187195,-35.4,174.4
g-35p5_173p4,0.36819116340548413,0.872896671226869,1200,0.578196165087918,-35.5,173.4
g-35p5_173p5,0.3656653917681443,0.7577861377845208,1200,0.517455686327001,-35.5,173.5
g-35p5_173p6,0.5164149684282501,0.9313435710299139,1200,0.44551615054669946,-35.5,173.6
g-35p5_173p7,0.26147357321099596,0.7603191319206685,1193,0.6561002318191329,-35.5,173.7
g-35p5_173p8,0.2694388732937006,0.8670499405963347,1200,0.6892464197524915,-35.5,173.8
g-35p5_173p9,0.2813791490381755,0.7952362886428213,1200,0.6461691285260797,-35.5,173.9
g-35p5_174p0,0.3722660339882043,0.8451730332321797,1200,0.559538675098809,-35.5,174.0
g-35p5_174p1,0.2148655572334538,0.743123433313643,1200,0.7108615505833906,-35.5,174.1
g-35p5_174p2,0.208557078773136,0.8066556505939882,1196,0.7414546360400958,-35.5,174.2
g-35p5_174p3,0.25960581052604753,0.8122214104184174,1198,0.6803755636134843,-35.5,174.3
g-35p5_174p4,0.4618520199330891,0.8381166510780652,1200,0.4489406464613116,-35.5,174.4
g-35p6_173p5,0.39534490172667436,0.7937419572084521,1200,0.5019226360200472,-35.6,173.5
g-35p6_173p6,0.17396361592223525,0.7063259171381769,1184,0.7537063107820194,-35.6,173.6
g-35p6_173p7,0.3580609123613708,0.8311197788765033,1200,0.5691825396750962,-35.6,173.7
g-35p6_173p8,0.3301838966207905,0.7858712671293566,1200,0.5798498934476997,-35.6,173.8
g-35p6_173p9,0.25060514688501545,0.7209651459567249,1200,0.6524032426665217,-35.6,173.9
g-35p6_174p0,0.38291893603469573,0.8020161620688514,1180,0.5225545891158451,-35.6,174.0
g-35p6_174p1,0.1423236787276192,0.6674485573126003,1200,0.78676457208827,-35.6,174.1
g-35p6_174p2,0.5040267069540579,0.9273139290020775,1184,0.45646593759627574,-35.6,174.2
g-35p6_174p3,0.20515208671813046,0.7663166661545013,1200,0.7322881051933581,-35.6,174.3
g-35p6_174p4,0.11709796558454674,0.7182261011842638,1200,0.8369622527064011,-35.6,174.4
g-35p6_174p5,0.14957962472641634,0.7264601075354342,1200,0.7940979509062438,-35.6,174.5
g-35p7_173p5,0.3916827460495196,0.783480128784043,1200,0.5000731586423142,-35.7,173.5
g-35p7_173p6,0.27429017426722235,0.7810584270550559,1200,0.6488224635109302,-35.7,173.6
g-35p7_173p7,0.26922103494750854,0.7093105405320724,1200,0.6204468712031845,-35.7,173.7
g-35p7_173p8,0.4170625054231847,0.8039614457559462,1200,0.4812406644313266,-35.7,173.8
g-35p7_173p9,0.24555820482767057,0.721014809049666,1200,0.6594269607980331,-35.7,173.9
g-35p7_174p0,0.42208583929152554,0.8572299011455228,1200,0.5076165230266827,-35.7,174.0
g-35p7_174p1,0.3218705133335405,0.7735424637794495,1200,0.5839006539331868,-35.7,174.1
g-35p7_174p2,0.3152609478015102,0.8060995016371211,1200,0.6089056659119111,-35.7,174.2
g-35p7_174p3,0.2063549526631206,0.7467468433920295,1200,0.7236614329351939,-35.7,174.3
g-35p7_174p4,0.3321582862113543,0.8825396450826277,1200,0.6236335805852031,-35.7,174.4
g-35p7_174p5,0.3195903219915503,0.7400631614075973,1200,0.5681580456137139,-35.7,174.5
g-35p8_173p7,0.2923159578963112,0.7163997009179245,1200,0.5919652708930976,-35.8,173.7
g-35p8_173p8,0.3667344888043875,0.7947161500280102,1200,0.5385339925563841,-35.8,173.8
g-35p8_173p9,0.2530893748374219,0.719237486240454,1200,0.6481143159537578,-35.8,173.9
g-35p8_174p0,0.29134352115894757,0.7827089687514429,1200,0.6277754148854443,-35.8,174.0
g-35p8_174p1,0.3921895004115152,0.8295295490324497,1200,0.5272145508632466,-35.8,174.1
g-35p8_174p2,0.16150425523863723,0.6872911381512402,1183,0.7650133309254196,-35.8,174.2
g-35p8_174p3,0.4457200069867409,0.8735162702404846,1180,0.48974046371908864,-35.8,174.3
g-35p8_174p5,0.31246473957346615,0.6746708374485995,1200,0.5368634269785351,-35.8,174.5
g-35p9_173p7,0.24621603838622397,0.6936207555172345,1200,0.6450278679988171,-35.9,173.7
g-35p9_173p8,0.23295383151515356,0.7146413265556718,1200,0.6740269239145296,-35.9,173.8
g-35p9_173p9,0.2287869091534843,0.6953686151017124,1200,0.6709847062625636,-35.9,173.9
g-35p9_174p0,0.2994991388916993,0.768724602094541,1200,0.6103947524566598,-35.9,174.0
g-35p9_174p1,0.23917270309516103,0.7360834206252669,1200,0.6750739163612793,-35.9,174.1
g-35p9_174p2,0.2999820275576581,0.7790196234236161,1200,0.6149236571996677,-35.9,174.2
g-35p9_174p3,0.3281393460968279,0.7850871741352603,1200,0.5820345091508351,-35.9,174.3
g-35p9_174p4,0.2679025605098106,0.7370323934980357,1200,0.6365118238042211,-35.9,174.4
g-36p0_173p8,0.24767793539557365,0.7242847411396602,1200,0.658037894038948,-36.0,173.8
g-36p0_173p9,0.2886549657377837,0.7072650772851968,1179,0.591871598063668,-36.0,173.9
g-36p0_174p0,0.20856941212836813,0.7157069811271504,1200,0.7085826775087523,-36.0,174.0
g-36p0_174p1,0.3536842710132072,0.81078746849671,1200,0.5637768407188419,-36.0,174.1
g-36p0_174p2,0.16513368143015023,0.6553242366745448,1200,0.7480122476956992,-36.0,174.2
g-36p0_174p3,0.31460532008485925,0.7696539971775685,1200,0.5912379832514845,-36.0,174.3
g-36p0_174p4,0.3804065644504457,0.8578402154271801,1200,0.5565531230533253,-36.0,174.4
g-36p1_173p9,0.14851389918033878,0.6500209731127445,1200,0.7715244502509623,-36.1,173.9
g-36p1_174p0,0.43092619646876423,0.7910358153562993,1200,0.45523807126904114,-36.1,174.0
g-36p1_174p1,0.2066162202246914,0.6827441086154431,1200,0.6973738511728874,-36.1,174.1
g-36p1_174p2,0.22042367051972594,0.7271920183316494,1200,0.6968838147791693,-36.1,174.2
g-36p1_174p3,0.19081124880000946,0.7361991841920341,1200,0.7408157290891031,-36.1,174.3
g-36p1_174p4,0.25000777469090874,0.7139476819693421,1200,0.6498233960207123,-36.1,174.4
g-36p1_174p5,0.25322953455321406,0.690886000993972,1200,0.6334713191627928,-36.1,174.5
g-36p2_174p0,0.2220701314546197,0.674037980978998,1200,0.6705376585276741,-36.2,174.0
g-36p2_174p1,0.37441134517212027,0.7502721529252206,1200,0.5009659578696403,-36.2,174.1
g-36p2_174p2,0.28591773261588777,0.7333785921397309,1200,0.6101362438441458,-36.2,174.2
g-36p2_174p3,0.32459338313998015,0.7804927109119792,1200,0.5841173420303902,-36.2,174.3
g-36p2_174p4,0.35832042834138716,0.7933220021969949,1200,0.5483291433376756,-36.2,174.4
g-36p2_174p5,0.2601073149445089,0.7725238737712303,1200,0.6633019071957701,-36.2,174.5
g-36p2_174p6,0.4000295278075867,0.7859228328118721,1200,0.49100660891049264,-36.2,174.6
g-36p2_175p4,0.1819400211149325,0.4968550106029337,1200,0.6338166724047962,-36.2,175.4
g-36p2_175p5,0.24248335906905855,0.626001026321513,1200,0.6126470263252899,-36.2,175.5
g-36p3_174p0,0.3443871432015321,0.7368772782710102,1193,0.532639757858197,-36.3,174.0
g-36p3_174p1,0.38824607528642263,0.7902374395545279,1194,0.5086969360686271,-36.3,174.1
g-36p3_174p4,0.26624723436109304,0.7129953439580277,1200,0.626579280471758,-36.3,174.4
g-36p3_174p5,0.33657212953996485,0.7567316086279849,1200,0.5552291912978273,-36.3,174.5
g-36p3_174p6,0.4321957733667235,0.85701612180875,1200,0.4956970325662422,-36.3,174.6
g-36p3_174p7,0.23241947503511706,0.7699549456406385,1200,0.6981388633828007,-36.3,174.7
g-36p4_174p1,0.2676706459847484,0.6833053358473504,1200,0.6082708096332711,-36.4,174.1
g-36p4_174p2,0.23637122969128113,0.6783957621548324,1200,0.6515732513710288,-36.4,174.2
g-36p4_174p4,0.3149478877698962,0.6866769869967053,1200,0.541344920925088,-36.4,174.4
g-36p4_174p5,0.24370844703449313,0.6585064575696985,1200,0.6299072784586957,-36.4,174.5
g-36p4_174p6,0.3854658438370451,0.809549671181788,1200,0.5238515219525215,-36.4,174.6
g-36p4_174p7,0.37347134230182844,0.770003000573876,1200,0.5149741727973998,-36.4,174.7
g-36p5_174p2,0.5261812017903041,0.8127368666650727,1200,0.35258110789362973,-36.5,174.2
g-36p5_174p4,0.2403588123236463,0.6571323548909277,1200,0.6342307443322561,-36.5,174.4
g-36p5_174p5,0.29524551853960923,0.687794444769,1200,0.5707358197131568,-36.5,174.5
g-36p5_174p6,0.2698858163119345,0.7047552208431686,1200,0.6170502774154076,-36.5,174.6
g-36p5_174p7,0.49852121656636683,0.8941934671935936,1200,0.4424906523518175,-36.5,174.7
g-36p5_175p4,0.3222185916337486,0.7763434871146455,1200,0.5849535714773564,-36.5,175.4
g-36p6_174p3,0.46093104669038204,0.8108789504924789,1200,0.43156614632746315,-36.6,174.3
g-36p6_174p4,0.32409271749967367,0.7300288272183388,1200,0.5560549043870247,-36.6,174.4
g-36p6_174p5,0.33173332417126944,0.6759138053081308,1200,0.5092076510849765,-36.6,174.5
g-36p6_174p6,0.26020155930339706,0.7066633682325483,1200,0.6317885276065844,-36.6,174.6
g-36p6_174p7,0.5339377346941331,0.9093720547144569,1180,0.4128500739317422,-36.6,174.7
g-36p6_175p4,0.27304904852613043,0.6536309916789954,1200,0.5822581058698828,-36.6,175.4
g-36p6_175p5,0.3657405836129019,0.6893931308677139,1196,0.4694745751925935,-36.6,175.5
g-36p7_174p4,0.15898798506745154,0.6394159005287414,1200,0.7513543455269375,-36.7,174.4
g-36p7_174p5,0.30997441740333154,0.7454220388395091,1200,0.5841625263912144,-36.7,174.5
g-36p7_174p6,0.2598224955471854,0.7173009973050406,1200,0.6377775905465626,-36.7,174.6
g-36p7_174p7,0.3028892214485687,0.7428619389903421,1200,0.5922671420476335,-36.7,174.7
g-36p7_175p5,0.33501818997632304,0.774314149840114,1200,0.5673355703941352,-36.7,175.5
g-36p7_175p7,0.2684765564236203,0.7787381068787848,1200,0.6552415323558703,-36.7,175.7
g-36p8_174p4,0.3230043601995171,0.7490991325955838,1200,0.5688095925564267,-36.8,174.4
g-36p8_174p5,0.3684792655694575,0.7597044458442057,1200,0.5149702393014265,-36.8,174.5
g-36p8_174p6,0.3512786027346567,0.7772475531340266,1200,0.5480479786417762,-36.8,174.6
g-36p8_174p7,0.5201722048178458,0.8427133597014472,1200,0.38274123837062457,-36.8,174.7
g-36p8_175p1,0.2489024908308708,0.6875320743490011,1200,0.6379769030171466,-36.8,175.1
g-36p8_175p2,0.2198699544672364,0.7429630028849048,1188,0.704063387256852,-36.8,175.2
g-36p8_175p5,0.4769883881848343,0.8800537423598023,1179,0.4580008410556571,-36.8,175.5
g-36p8_175p6,0.2507787468768504,0.7426671909944464,1200,0.6623268808454396,-36.8,175.6
g-36p9_174p6,0.5046360602680616,0.8260013128863648,1200,0.3890614307806969,-36.9,174.6
g-36p9_174p7,0.3630010483509097,0.7159340886538849,1200,0.49296862084967585,-36.9,174.7
g-36p9_174p8,0.34439966985614406,0.7093640915506209,1200,0.5144952021700024,-36.9,174.8
g-36p9_175p0,0.2973289858771308,0.7437511644341672,1200,0.6002305608444547,-36.9,175.0
g-36p9_175p5,0.3681059706698196,0.8496425089268779,1194,0.5667519376652332,-36.9,175.5
g-36p9_175p6,0.34616499349824975,0.8270986352994241,1196,0.5814707234126532,-36.9,175.6
g-36p9_175p7,0.33006493052873703,0.8282840354942406,1200,0.6015075549152823,-36.9,175.7
g-36p9_175p8,0.3131180376558992,0.7538603152722742,1200,0.5846471404416489,-36.9,175.8
g-37p0_174p5,0.34059856423752405,0.7455145334405825,1200,0.5431362515957313,-37.0,174.5
g-37p0_174p9,0.30475795726531135,0.7683750924700871,1200,0.6033734562040406,-37.0,174.9
g-37p0_175p0,0.32939085877557533,0.7914928292498613,1200,0.5838359532735677,-37.0,175.0
g-37p0_175p1,0.31565763797476987,0.8191823557329675,1200,0.614667435442584,-37.0,175.1
g-37p0_175p2,0.29185471201152596,0.7876116925136497,1200,0.6294433985863307,-37.0,175.2
g-37p0_175p3,0.1715154221867417,0.6927955854140843,1200,0.7524299724222018,-37.0,175.3
g-37p0_175p6,0.26149981765668645,0.8382031095928202,1200,0.6880233267283904,-37.0,175.6
g-37p0_175p7,0.5291204723023414,0.91128888599885,1200,0.41937130976596915,-37.0,175.7
g-37p0_175p8,0.457241649998425,0.8743059150315822,1200,0.47702326824369223,-37.0,175.8
g-37p1_174p7,0.36135145620872716,0.7756253554113209,1200,0.5341159830739426,-37.1,174.7
g-37p1_174p9,0.403915359779833,0.8564786253171042,1200,0.5283999532034012,-37.1,174.9
g-37p1_175p0,0.3968497666850123,0.8250086160345624,1200,0.5189750034460405,-37.1,175.0
g-37p1_175p1,0.3227192887000141,0.7846465096343309,1200,0.5887074182609808,-37.1,175.1
g-37p1_175p2,0.40261433157189674,0.8778956117217118,1200,0.5413870098037086,-37.1,175.2
g-37p1_175p3,0.4202846657785572,0.9052957359049469,1200,0.5357487624102919,-37.1,175.3
g-37p1_175p6,0.26160924484851805,0.8166169725467141,1200,0.679642655438988,-37.1,175.6
g-37p1_175p7,0.28660966986888425,0.7701992508412029,1200,0.6278759430681704,-37.1,175.7
g-37p1_175p8,0.4523327239682878,0.9548904339317232,1200,0.5262988214199342,-37.1,175.8
g-37p1_175p9,0.2730807535815587,0.7708677046544229,1200,0.64574887242944,-37.1,175.9
g-37p2_174p6,0.3957858884507385,0.7405404701502993,1200,0.4655445523856243,-37.2,174.6
g-37p2_174p7,0.32846478964894954,0.6997158489158998,1200,0.5305740320762287,-37.2,174.7
g-37p2_174p8,0.16208149138894273,0.6896154361978795,1200,0.7649682955437285,-37.2,174.8
g-37p2_174p9,0.22234162703226654,0.6656296688566605,1200,0.6659679737320325,-37.2,174.9
g-37p2_175p0,0.34929413125485703,0.8033495805397008,1200,0.5652028211427003,-37.2,175.0
g-37p2_175p1,0.2655173858850194,0.7330456815551346,1200,0.6377887591920164,-37.2,175.1
g-37p2_175p2,0.34081411135414785,0.8055771885281164,1198,0.5769317748720579,-37.2,175.2
g-37p2_175p3,0.22154311376108757,0.6978448248918478,1200,0.6825324114205155,-37.2,175.3
g-37p2_175p4,0.2585254253454576,0.7173217305804913,1200,0.6395962727404809,-37.2,175.4
g-37p2_175p5,0.45597235429795424,0.897827495286862,1200,0.4921381259856962,-37.2,175.5
g-37p2_175p6,0.2781544020137549,0.8105282692999268,1200,0.6568233181379304,-37.2,175.6
g-37p2_175p7,0.1878362467216828,0.7651521057464803,1200,0.7545112333730948,-37.2,175.7
g-37p2_175p8,0.36237960617952025,0.7827929705567658,1200,0.5370683950805335,-37.2,175.8
g-37p3_174p7,0.41459270353252625,0.8518355965071047,1200,0.5132949301102981,-37.3,174.7
g-37p3_174p8,0.21263807097657772,0.7437987393901373,1200,0.714118806989474,-37.3,174.8
g-37p3_174p9,0.4257242706922686,0.8081166445308675,1200,0.4731895777998577,-37.3,174.9
g-37p3_175p0,0.31863355584343006,0.7570186679825808,1200,0.5790941897211419,-37.3,175.0
g-37p3_175p1,0.25514005253572186,0.735208715419285,1200,0.652969221957309,-37.3,175.1
g-37p3_175p2,0.2244032453202504,0.72330008604719,1200,0.6897508383462161,-37.3,175.2
g-37p3_175p3,0.2836874153064998,0.7828676235396415,1200,0.6376304156967925,-37.3,175.3
g-37p3_175p4,0.28189416913556953,0.8244619210545594,1200,0.6580870966423749,-37.3,175.4
g-37p3_175p5,0.3101863754166544,0.7510331736805801,1194,0.5869871181634663,-37.3,175.5
g-37p3_175p6,0.43242867786943073,0.8542431936118131,1200,0.4937873885291548,-37.3,175.6
g-37p3_175p7,0.3030161837082163,0.796225562148417,1200,0.6194342431174875,-37.3,175.7
g-37p3_175p8,0.5271515841759448,0.9497736217578252,1200,0.4449713362218869,-37.3,175.8
g-37p4_174p7,0.23175333057650324,0.6738779275445268,1200,0.6560900407868159,-37.4,174.7
g-37p4_174p8,0.30115201751369425,0.7218259692999224,1200,0.5827913786396842,-37.4,174.8
g-37p4_174p9,0.25729378524754076,0.712512657007513,1200,0.6388923302385241,-37.4,174.9
g-37p4_175p0,0.4102574911857711,0.7572539707987259,1200,0.45822999019332267,-37.4,175.0
g-37p4_175p1,0.3224506405793791,0.790390456559447,1200,0.5920362677669465,-37.4,175.1
g-37p4_175p2,0.6199606569476779,0.9114974513333164,1176,0.3198437844880263,-37.4,175.2
g-37p4_175p3,0.25392746448799625,0.7033124176878482,1200,0.6389549535855101,-37.4,175.3
g-37p4_175p4,0.22452605151891186,0.7268468639208003,1200,0.6910957965646847,-37.4,175.4
g-37p4_175p5,0.3013177230085713,0.7489212637643019,1200,0.5976643505966723,-37.4,175.5
g-37p4_175p6,0.173337807565609,0.7617755850978817,1200,0.7724555486464737,-37.4,175.6
g-37p4_175p7,0.3025972827105432,0.8120599280452977,1200,0.6273707490542939,-37.4,175.7
g-37p4_175p8,0.3503374956643733,0.8281537267705426,1200,0.5769656232417805,-37.4,175.8
g-37p4_175p9,0.347057847235322,0.8219906344761451,1200,0.5777836964571961,-37.4,175.9
g-37p5_174p8,0.349573204950487,0.7866849709286665,1200,0.5556376213240447,-37.5,174.8
g-37p5_174p9,0.39866370795435996,0.8031235952985784,1200,0.5036085226631298,-37.5,174.9
g-37p5_175p0,0.27965583112479403,0.7377566175659498,1200,0.6209375497742724,-37.5,175.0
g-37p5_175p1,0.40700965577052184,0.8090763207835455,1200,0.4969452877123439,-37.5,175.1
g-37p5_175p2,0.3226367071297829,0.7790651199035347,1200,0.5858668307859395,-37.5,175.2
g-37p5_175p3,0.20653506019246784,0.6972327600745484,1200,0.7037788927611706,-37.5,175.3
g-37p5_175p4,0.36999523045873917,0.7780994641579067,1200,0.5244885165688113,-37.5,175.4
g-37p5_175p5,0.5503597073646482,0.8527617540458838,1200,0.35461492643930714,-37.5,175.5
g-37p5_175p6,0.49863027843638785,0.8765295225242152,1200,0.43113122191202347,-37.5,175.6
g-37p5_175p7,0.378135915368864,0.807599192733566,1200,0.5317777447387638,-37.5,175.7
g-37p5_175p8,0.2710631875380261,0.8066232583407934,1200,0.6639531717748912,-37.5,175.8
g-37p5_175p9,0.5316324947045535,0.8825295894950007,1200,0.39760377325278895,-37.5,175.9
g-37p6_174p8,0.2887294715560534,0.6958256165512527,1200,0.5850548403390287,-37.6,174.8
g-37p6_174p9,0.305717766958311,0.7256869632083301,1200,0.5787194996494025,-37.6,174.9
g-37p6_175p0,0.33056543074511135,0.7564081551119064,1200,0.5629800809112033,-37.6,175.0
g-37p6_175p1,0.23213301557988905,0.740952345887199,1200,0.686709925586458,-37.6,175.1
g-37p6_175p2,0.3251297201181272,0.7819890450888003,1200,0.5842272699853405,-37.6,175.2
g-37p6_175p3,0.25611170894630536,0.718736922556224,1200,0.6436641823889732,-37.6,175.3
g-37p6_175p4,0.2542912144741829,0.6994168804073706,1200,0.6364239674540415,-37.6,175.4
g-37p6_175p5,0.6599090631994271,1.0148009213044618,1200,0.3497157429152151,-37.6,175.5
g-37p6_175p6,0.3160267386016136,0.7890775263945883,1200,0.5994984928216287,-37.6,175.6
g-37p6_175p7,0.2676647839912781,0.7504650553067526,1200,0.6433347800826381,-37.6,175.7
g-37p6_175p8,0.3051743181070756,0.7188075524102896,1200,0.5754436398396596,-37.6,175.8
g-37p6_175p9,0.5424273152853553,0.906561460243538,1200,0.4016651500499062,-37.6,175.9
g-37p6_176p0,0.33381263712656767,0.8049747734097764,1200,0.585312921406745,-37.6,176.0
g-37p7_174p8,0.22723152420167247,0.672956262412481,1200,0.6623383466451889,-37.7,174.8
g-37p7_174p9,0.29623172308060525,0.7503094105422496,1200,0.6051872481960233,-37.7,174.9
g-37p7_175p0,0.2640961431170262,0.6875701434087629,1200,0.6158993440178799,-37.7,175.0
g-37p7_175p1,0.32459578141846746,0.6984933523988972,1200,0.5352915238152524,-37.7,175.1
g-37p7_175p2,0.30746539060985656,0.6907256443798542,1200,0.5548661134683881,-37.7,175.2
g-37p7_175p3,0.30239250649030136,0.7188849415707712,1200,0.579358964134691,-37.7,175.3
g-37p7_175p4,0.32420393568291617,0.8032801279320789,1194,0.5963999053262661,-37.7,175.4
g-37p7_175p5,0.3231051361397662,0.7814501176883156,1200,0.5865313360044333,-37.7,175.5
g-37p7_175p6,0.2530769320886743,0.7827288482757285,1200,0.6766735598845285,-37.7,175.6
g-37p7_175p7,0.20357118521117337,0.7542665668250993,1200,0.7301071077986971,-37.7,175.7
g-37p7_175p8,0.3658171186916012,0.8548627081715191,1200,0.5720750066708912,-37.7,175.8
g-37p7_175p9,0.38335363899767455,0.856439339327626,1200,0.5523866999166127,-37.7,175.9
g-37p7_176p0,0.49745543695967775,0.9328669230422626,1200,0.4667455510831302,-37.7,176.0
g-37p7_176p1,0.3862646634252815,0.8202362125537669,1200,0.5290811872074452,-37.7,176.1
g-37p7_176p2,0.22625097325489696,0.798058738658784,1193,0.7164983449274249,-37.7,176.2
g-37p7_176p3,0.17165770703003422,0.7341710332217299,1196,0.7661883958064153,-37.7,176.3
g-37p7_177p7,0.4285883294385089,0.9156023232918232,1200,0.531905589866106,-37.7,177.7
g-37p7_177p8,0.4062266956958847,0.9047381698976581,1200,0.5510008207768706,-37.7,177.8
g-37p7_177p9,0.3484806324903555,0.939203809563381,1200,0.6289616492799812,-37.7,177.9
g-37p7_178p0,0.33716552416701207,0.8314428714864577,1200,0.5944814301381575,-37.7,178.0
g-37p8_174p9,0.40596916975805236,0.8285160011068607,1200,0.510004430553308,-37.8,174.9
g-37p8_175p0,0.2389069658599485,0.6251463588836718,1199,0.6178383470287401,-37.8,175.0
g-37p8_175p1,0.27094602813979335,0.7493926827081789,1200,0.6384458583707542,-37.8,175.1
g-37p8_175p2,0.28025798001539165,0.6544493504289428,1195,0.571765210200448,-37.8,175.2
g-37p8_175p3,0.43336871050021253,0.7738357604372625,1200,0.4399732699670873,-37.8,175.3
g-37p8_175p4,0.3167185323511967,0.7376532421475464,1192,0.5706403574813459,-37.8,175.4
g-37p8_175p5,0.3418495647077098,0.7634759031515569,1200,0.5522457705651391,-37.8,175.5
g-37p8_175p6,0.25687705759878615,0.7754484594597791,1200,0.6687374196632732,-37.8,175.6
g-37p8_175p7,0.3890822861335042,0.8081155111268162,1200,0.5185313475904236,-37.8,175.7
g-37p8_175p8,0.6327069394635563,0.9755152190313519,1192,0.35141253860518007,-37.8,175.8
g-37p8_175p9,0.3613816762797462,0.8224377288296819,1200,0.5605969137700095,-37.8,175.9
g-37p8_176p0,0.3149620459304415,0.7975405700178817,1200,0.6050833552914057,-37.8,176.0
g-37p8_176p1,0.23756713552653097,0.7173010249698352,1198,0.668804132077573,-37.8,176.1
g-37p8_176p2,0.3770997145465796,0.8371714685981473,1200,0.5495549852194113,-37.8,176.2
g-37p8_176p3,0.3861882094148379,0.8978744894561047,1200,0.5698861990735757,-37.8,176.3
g-37p8_176p4,0.3077841539954066,0.856248279234084,1200,0.6405433313445953,-37.8,176.4
g-37p8_176p5,0.36434138242319974,0.8290183202379072,1200,0.5605146791947335,-37.8,176.5
g-37p8_177p7,0.7322906288891011,1.0461711701129874,1200,0.30002790192544393,-37.8,177.7
g-37p8_177p8,0.4674728159479627,0.9044525441604977,1200,0.48314279287934836,-37.8,177.8
g-37p8_177p9,0.42787268419559393,0.9279631184212243,1200,0.5389119721443795,-37.8,177.9
g-37p8_178p0,0.5248062481279925,0.932412488766325,1200,0.43715227493106223,-37.8,178.0
g-37p9_174p8,0.34076067636403723,0.8148054469299192,1200,0.5817889072195344,-37.9,174.8
g-37p9_174p9,0.43093642109234565,0.8445762844119842,1200,0.4897602158076524,-37.9,174.9
g-37p9_175p0,0.28482760160709925,0.7361492614448071,1200,0.6130844428912678,-37.9,175.0
g-37p9_175p1,0.27428329220021486,0.72582422810141,1200,0.6221078305450383,-37.9,175.1
g-37p9_175p2,0.27900447329020156,0.722997024737609,1200,0.6141001086533402,-37.9,175.2
g-37p9_175p3,0.16862091598052098,0.6769151495709839,1184,0.7508980023753498,-37.9,175.3
g-37p9_175p4,0.22816248399769298,0.7732401362620294,1200,0.7049267448781589,-37.9,175.4
g-37p9_175p5,0.3709528999399394,0.8139481607902174,1200,0.5442548827927792,-37.9,175.5
g-37p9_175p6,0.5115645181954797,0.9052859849420581,1186,0.434913909301024,-37.9,175.6
g-37p9_175p7,0.28244483532934234,0.7890512555760021,1200,0.6420450086944485,-37.9,175.7
g-37p9_175p8,0.19855203953663947,0.7904530840848262,1200,0.7488123665599713,-37.9,175.8
g-37p9_175p9,0.3310006966803881,0.9260749099372576,1200,0.6425767579613904,-37.9,175.9
g-37p9_176p0,0.5003268389743288,0.9292199646277974,1200,0.46156253845155315,-37.9,176.0
g-37p9_176p1,0.22595887691970362,0.8037322026739517,1200,0.7188629792759866,-37.9,176.1
g-37p9_176p2,0.30883989243650123,0.8373274246991301,1200,0.6311599461256461,-37.9,176.2
g-37p9_176p3,0.3144948840337254,0.8146323360006015,1200,0.6139425479011513,-37.9,176.3
g-37p9_176p4,0.3782861752522202,0.8940013103528569,1200,0.5768617217094314,-37.9,176.4
g-37p9_176p5,0.3560852477171097,0.8075218785569692,1200,0.5590395044733286,-37.9,176.5
g-37p9_176p6,0.46252079077299507,0.9255437922105193,1200,0.5002713057279169,-37.9,176.6
g-37p9_176p7,0.41950921607127595,0.930726425118434,1200,0.5492668900876068,-37.9,176.7
g-37p9_176p8,0.2995329335450392,0.8465658355535318,1200,0.6461788074058199,-37.9,176.8
g-37p9_177p6,0.4523662952819972,0.9505625513351212,1200,0.524106756944483,-37.9,177.6
g-37p9_177p7,0.4275519222686169,0.8760335444736604,1200,0.5119457183280589,-37.9,177.7
g-37p9_177p8,0.21913013901784667,0.8016701824373255,1200,0.7266579900082809,-37.9,177.8
g-37p9_177p9,0.3416062301632838,0.851969919881473,1200,0.5990395644357862,-37.9,177.9
g-37p9_178p0,0.33963467681202675,0.9035433569131419,1200,0.6241080472636622,-37.9,178.0
g-38p0_174p9,0.17753971579717615,0.7002598866478851,1200,0.7464659633053503,-38.0,174.9
g-38p0_175p0,0.3188719110386345,0.7509292467326547,1200,0.5753635746296095,-38.0,175.0
g-38p0_175p1,0.2633513552232852,0.7860236542731873,1193,0.664957468147955,-38.0,175.1
g-38p0_175p2,0.26620989738620604,0.7394525733046855,1200,0.639990572760484,-38.0,175.2
g-38p0_175p3,0.4604932086971767,0.8460639893946549,1200,0.45572295420982034,-38.0,175.3
g-38p0_175p4,0.223991147386778,0.698070700756895,1200,0.6791282786343679,-38.0,175.4
g-38p0_175p5,0.2795411272965799,0.7569491617608572,1198,0.6307002617635564,-38.0,175.5
g-38p0_175p6,0.2997371019329482,0.8448141857795417,1200,0.645203516964657,-38.0,175.6
g-38p0_175p7,0.37338863164340164,0.8069260301518565,1200,0.5372703101756017,-38.0,175.7
g-38p0_175p8,0.32200146750335806,0.8480753091319154,1200,0.6203150073630174,-38.0,175.8
g-38p0_175p9,0.3544490056223943,0.8347667631149913,1200,0.5753915688979485,-38.0,175.9
g-38p0_176p0,0.40115570573315007,0.9083309645717964,1200,0.5583595392211889,-38.0,176.0
g-38p0_176p1,0.30475995541137135,0.8452004937206705,1200,0.6394228852496493,-38.0,176.1
g-38p0_176p2,0.3491419329882665,0.852797844634396,1194,0.5905923834294544,-38.0,176.2
g-38p0_176p3,0.30311534818419333,0.8212390728263805,1200,0.6309048628909119,-38.0,176.3
g-38p0_176p4,0.5018853048250055,0.9828005641497051,1200,0.48933148480717004,-38.0,176.4
g-38p0_176p5,0.46864410805650036,0.926505507233863,1200,0.49418097960835117,-38.0,176.5
g-38p0_176p6,0.3237610377458025,0.894167648893781,1200,0.6379190880520635,-38.0,176.6
g-38p0_176p7,0.46325489736183406,0.9543046841273705,1200,0.5145629010660879,-38.0,176.7
g-38p0_176p8,0.2964702394730127,0.8989959729105855,1200,0.670220725780159,-38.0,176.8
g-38p0_176p9,0.35831639634949736,0.9516769792977721,1200,0.6234894778962778,-38.0,176.9
g-38p0_177p0,0.29152393630241685,0.8401690039612973,1200,0.6530175060875657,-38.0,177.0
g-38p0_177p3,0.4345754187484039,0.898254913422279,1200,0.5162003432937468,-38.0,177.3
g-38p0_177p4,0.3110393049612911,0.8386432250899574,1200,0.6291160583477826,-38.0,177.4
g-38p0_177p5,0.3442367874682115,0.8483856160022939,1200,0.5942449035259447,-38.0,177.5
g-38p0_177p6,0.43986131651065846,0.9683743494733548,1200,0.5457734741219915,-38.0,177.6
g-38p0_177p7,0.4202556909238999,0.9104828948748636,1183,0.5384254956468351,-38.0,177.7
g-38p0_177p8,0.33399376787711577,0.843016951692601,1200,0.6038113264430491,-38.0,177.8
g-38p0_177p9,0.25649942129124187,0.8534397208845864,1200,0.6994522108422826,-38.0,177.9
g-38p0_178p0,0.5469930460370552,0.9325957218185067,1200,0.41347249055523116,-38.0,178.0
g-38p1_174p9,0.3741022017946803,0.810330604944999,1200,0.5383338608812975,-38.1,174.9
g-38p1_175p0,0.5633792657695124,0.9100503291624288,1200,0.3809361441712543,-38.1,175.0
g-38p1_175p1,0.31584200111984456,0.7124109232829263,1200,0.5566575542323466,-38.1,175.1
g-38p1_175p2,0.327406284757591,0.7640712551679463,1200,0.5714977071272945,-38.1,175.2
g-38p1_175p3,0.5454135548068227,0.9689662479050457,1200,0.4371181081012526,-38.1,175.3
g-38p1_175p4,0.3787279506177427,0.8376433167885989,1200,0.5478648930552805,-38.1,175.4
g-38p1_175p5,0.2080928286990286,0.7002641017052035,1200,0.7028366466418818,-38.1,175.5
g-38p1_175p6,0.2866611414407428,0.7547266795532778,1200,0.6201788684475587,-38.1,175.6
g-38p1_175p7,0.24480094395039842,0.8056267473675931,1200,0.6961360273224642,-38.1,175.7
g-38p1_175p8,0.3294883264866004,0.7998211038392037,1200,0.5880474709844105,-38.1,175.8
g-38p1_175p9,0.3016025897850316,0.8047904687405875,1200,0.6252408527439347,-38.1,175.9
g-38p1_176p0,0.391315327000309,0.8595515808323398,1200,0.5447447998159901,-38.1,176.0
g-38p1_176p1,0.2978525585265554,0.7809917111480593,1186,0.6186226380191518,-38.1,176.1
g-38p1_176p2,0.35196530458709263,0.8414520346945665,1182,0.5817167347930291,-38.1,176.2
g-38p1_176p3,0.33388216992885955,0.8543197583950435,1200,0.6091836029215771,-38.1,176.3
g-38p1_176p4,0.32696344055052523,0.8314547335387518,1200,0.6067573767258054,-38.1,176.4
g-38p1_176p5,0.4529865863849344,0.9845007746787694,1182,0.5398819401307852,-38.1,176.5
g-38p1_176p6,0.3322124974673782,0.9349682212170835,1200,0.6446804394753389,-38.1,176.6
g-38p1_176p7,0.3874667444247481,0.9382713168285166,1200,0.5870418955847037,-38.1,176.7
g-38p1_176p8,0.5473401381169496,1.0148300446926926,1200,0.4606583230567506,-38.1,176.8
g-38p1_176p9,0.433266092647163,0.9655626793935274,1200,0.5512812353939585,-38.1,176.9
g-38p1_177p0,0.36175433740360075,0.9000852873704086,1200,0.5980888228264869,-38.1,177.0
g-38p1_177p1,0.34388830490822664,0.916407938534394,1200,0.6247432061116742,-38.1,177.1
g-38p1_177p2,0.4391697023375932,0.865094452672638,1200,0.49234479428134736,-38.1,177.2
g-38p1_177p3,0.44310265096234486,1.0197249930289884,1200,0.5654684802358783,-38.1,177.3
g-38p1_177p4,0.4412314518679709,0.9229880075032513,1200,0.5219532125216517,-38.1,177.4
g-38p1_177p5,0.28093013920117715,0.8117169950467845,1200,0.6539062987279387,-38.1,177.5
g-38p1_177p6,0.2990093350583938,0.7998365474104261,1200,0.6261619501803524,-38.1,177.6
g-38p1_177p7,0.34227592652249905,0.7654248759212853,1195,0.552828844097173,-38.1,177.7
g-38p1_177p8,0.269399482139892,0.7933474631110827,1200,0.6604268688482952,-38.1,177.8
g-38p1_177p9,0.5083069820711827,0.9683099578886392,1182,0.47505757022314876,-38.1,177.9
g-38p1_178p0,0.4582142112516351,0.9030962325089301,1200,0.49261862162944625,-38.1,178.0
g-38p2_174p8,0.20451131826428082,0.7424184830641994,1200,0.7245336384673547,-38.2,174.8
g-38p2_174p9,0.4601013840982146,0.9047320492907117,1200,0.49145011005311123,-38.2,174.9
g-38p2_175p0,0.3887567283010862,0.8528194145765156,1200,0.5441511747312517,-38.2,175.0
g-38p2_175p1,0.317502759913852,0.8257438185097029,1200,0.615494838960007,-38.2,175.1
g-38p2_175p2,0.24617230360217637,0.7893218130519531,1199,0.6881217527102936,-38.2,175.2
g-38p2_175p3,0.2707961170488151,0.782872505877167,1200,0.6540993392718493,-38.2,175.3
g-38p2_175p4,0.1543271908098891,0.7095523804224406,1200,0.7825006369254818,-38.2,175.4
g-38p2_175p5,0.4797784906534411,0.9271422110296165,1200,0.48251898689777684,-38.2,175.5
g-38p2_175p6,0.30207464239958387,0.7575728216146429,1200,0.6012599267278873,-38.2,175.6
g-38p2_175p7,0.23560958599628803,0.7290136443994318,1200,0.6768104577927545,-38.2,175.7
g-38p2_175p8,0.24527643533836282,0.7945790441147983,1200,0.6913127307408248,-38.2,175.8
g-38p2_175p9,0.39698221967746294,0.838324036821723,1200,0.5264573097742578,-38.2,175.9
g-38p2_176p0,0.35243507182311,0.8285848838975653,1200,0.5746542343793468,-38.2,176.0
g-38p2_176p1,0.15458891872903244,0.742904250404487,1200,0.7919127281276641,-38.2,176.1
g-38p2_176p2,0.3311896638709705,0.8398114519861216,1200,0.6056380713936209,-38.2,176.2
g-38p2_176p3,0.43449022354665773,0.8838018238637596,1200,0.5083850114189903,-38.2,176.3
g-38p2_176p4,0.2203965398475335,0.7408888284085939,1200,0.7025241420889847,-38.2,176.4
g-38p2_176p5,0.3466551354537183,0.9147954663727432,1200,0.6210572218637669,-38.2,176.5
g-38p2_176p6,0.3038360729827459,0.8712863673844065,1200,0.6512787478876102,-38.2,176.6
g-38p2_176p7,0.29974152816281036,0.8509743947785582,1178,0.6477666895714183,-38.2,176.7
g-38p2_176p8,0.2729681380890337,0.8569176523666829,1200,0.6814534776648198,-38.2,176.8
g-38p2_176p9,0.5157263443745468,1.0072003720576566,1200,0.48796053031538755,-38.2,176.9
g-38p2_177p0,0.3501909859880058,0.8922334093041718,1200,0.607511910744174,-38.2,177.0
g-38p2_177p1,0.2757849690493477,0.7843415399004395,1200,0.6483866338580582,-38.2,177.1
g-38p2_177p2,0.391099891923383,0.9663385417498648,1200,0.5952765257451372,-38.2,177.2
g-38p2_177p3,0.40462647826384923,0.890006387817363,1200,0.5453667706181878,-38.2,177.3
g-38p2_177p4,0.39365921834382467,0.874009431055747,1200,0.5495938552192626,-38.2,177.4
g-38p2_177p5,0.4110177252958899,0.9438795385618384,1200,0.5645442998773491,-38.2,177.5
g-38p2_177p6,0.2963477570654214,0.8336930774136757,1200,0.6445361427436027,-38.2,177.6
g-38p2_177p7,0.3366684351495086,0.8329242064364286,1195,0.5957994346329467,-38.2,177.7
g-38p2_177p8,0.22631560257064598,0.7806826926395297,1200,0.7101055208416869,-38.2,177.8
g-38p2_177p9,0.3050669017632374,0.8572431506526967,1200,0.6441302546063361,-38.2,177.9
g-38p2_178p0,0.42722720870572034,0.8615521295927465,1200,0.5041191426133791,-38.2,178.0
g-38p3_174p8,0.2856802411686176,0.8067890471592546,1200,0.6459046609835466,-38.3,174.8
g-38p3_174p9,0.1345697960495973,0.6431664467571924,1200,0.7907698750018906,-38.3,174.9
g-38p3_175p0,0.45058239953368984,0.8148867076943596,1182,0.44706129664506655,-38.3,175.0
g-38p3_175p1,0.33904741426341156,0.8716385561988379,1200,0.6110229270467606,-38.3,175.1
g-38p3_175p2,0.327584233880662,0.8424171633475149,1200,0.6111377496406414,-38.3,175.2
g-38p3_175p3,0.46712706312252483,0.9128084077934424,1200,0.48825289169747643,-38.3,175.3
g-38p3_175p4,0.38422082787685746,0.8300652082248902,1200,0.5371197056933384,-38.3,175.4
g-38p3_175p5,0.2850825227205796,0.7971316216497992,1200,0.6423645543874512,-38.3,175.5
g-38p3_175p6,0.5300624518026674,0.9113321604795773,1193,0.4183652516731895,-38.3,175.6
g-38p3_175p7,0.500326432166648,1.0000262264675273,1191,0.49968668928414894,-38.3,175.7
g-38p3_175p8,0.21013212380402502,0.7742192746217673,1200,0.7285883590192432,-38.3,175.8
g-38p3_175p9,0.5166556656295446,0.9610187762929127,1200,0.4623875429130314,-38.3,175.9
g-38p3_176p0,0.48393072112908,1.0545257506224637,1200,0.5410916036489141,-38.3,176.0
g-38p3_176p1,0.568159787681088,0.9671835943364896,1185,0.4125626292587615,-38.3,176.1
g-38p3_176p2,0.1303546987938217,0.8104767760603379,1200,0.8391629437829602,-38.3,176.2
g-38p3_176p3,0.6243829903941334,0.9920370234580089,1200,0.3706051532051895,-38.3,176.3
g-38p3_176p4,0.4909692786944095,0.921418541893363,1200,0.46715932405099136,-38.3,176.4
g-38p3_176p5,0.3031425433790897,0.8290157217268521,1200,0.6343343854231869,-38.3,176.5
g-38p3_176p6,0.4260997805650014,0.9500850781751796,1200,0.5515140797880884,-38.3,176.6
g-38p3_176p7,0.3092638345597652,0.9383489717589691,1200,0.6704170368727117,-38.3,176.7
g-38p3_176p8,0.29412838628009563,0.8846682336709152,1200,0.6675269043406079,-38.3,176.8
g-38p3_176p9,0.38342728701986073,0.9318229944709068,1200,0.588519183047664,-38.3,176.9
g-38p3_177p0,0.43791231300081157,0.9710724859824404,1200,0.5490426108018365,-38.3,177.0
g-38p3_177p1,0.3702588941975311,0.8844671527808532,1200,0.581376320156831,-38.3,177.1
g-38p3_177p2,0.3689732284258588,0.965430297544226,1200,0.617814740883501,-38.3,177.2
g-38p3_177p3,0.4446096391197268,1.0489322056776533,1200,0.5761311963603113,-38.3,177.3
g-38p3_177p4,0.3455044842969056,0.7824628762388602,1200,0.5584397742194808,-38.3,177.4
g-38p3_177p5,0.2538919209737902,0.78639419714765,1200,0.6771442084711612,-38.3,177.5
g-38p3_177p6,0.4299401758049094,0.8966429172627007,1200,0.5205001148980867,-38.3,177.6
g-38p3_177p7,0.29326002281535396,0.7826397275334845,1200,0.6252937175326216,-38.3,177.7
g-38p3_177p8,0.4219573334196214,0.9469461014463256,1200,0.5544019529990762,-38.3,177.8
g-38p3_177p9,0.32100975560256656,0.7655925429193303,1200,0.5807041766910326,-38.3,177.9
g-38p3_178p0,0.5623370389847744,0.9168479817376162,1200,0.38666272906111476,-38.3,178.0
g-38p4_174p7,0.30793824020171795,0.8487060193577781,1200,0.6371673663458437,-38.4,174.7
g-38p4_174p8,0.24016087418332974,0.729713913455295,1200,0.6708835205757073,-38.4,174.8
g-38p4_174p9,0.2666990716917391,0.7843525669149434,1200,0.6599755225628522,-38.4,174.9
g-38p4_175p0,0.43255377323273,0.8634066503044838,1200,0.49901500865184656,-38.4,175.0
g-38p4_175p1,0.5202677867971977,0.927727382502829,1200,0.43920186402861605,-38.4,175.1
g-38p4_175p2,0.7043972161443479,1.0579456301111108,1200,0.33418391636026834,-38.4,175.2
g-38p4_175p3,0.35185284939939027,0.8219773083801071,1200,0.5719433543818915,-38.4,175.3
g-38p4_175p4,0.33521994231119495,0.8354237698018551,1200,0.598742632866788,-38.4,175.4
g-38p4_175p5,0.4321570259039426,0.8484335054131225,1200,0.4906412545630019,-38.4,175.5
g-38p4_175p6,0.5803004275030799,1.0400827464601026,1200,0.4420632113376375,-38.4,175.6
g-38p4_175p7,0.27744791914467515,0.9020091203305249,1200,0.6924111820033378,-38.4,175.7
g-38p4_175p8,0.33070941263065173,0.9173571056469033,1200,0.6394976279194551,-38.4,175.8
g-38p4_175p9,0.3042723949267091,0.8115894990491991,1200,0.625090769060993,-38.4,175.9
g-38p4_176p0,0.3303395818924248,0.8333830083402622,1187,0.6036161301748664,-38.4,176.0
g-38p4_176p1,0.3826628238787791,0.8606754218460992,1200,0.5553924113947748,-38.4,176.1
g-38p4_176p2,0.4021413362367342,1.0131465256462495,1200,0.6030768244699622,-38.4,176.2
g-38p4_176p3,0.3082577008897431,0.8403206820227206,1200,0.6331665904643194,-38.4,176.3
g-38p4_176p4,0.3856203427711039,0.841646743522336,1200,0.5418263710529403,-38.4,176.4
g-38p4_176p5,0.2511110486998797,0.8858618084636946,1197,0.7165347390521678,-38.4,176.5
g-38p4_176p6,0.2934379943602167,0.8761973300793519,1200,0.6651005609277059,-38.4,176.6
g-38p4_176p7,0.46974204460321817,0.9686253467776502,1200,0.5150425846629756,-38.4,176.7
g-38p4_176p8,0.36729409662401047,0.8440414783032612,1200,0.5648388070188619,-38.4,176.8
g-38p4_176p9,0.18360028801461836,0.8118009392668804,1200,0.7738358270681187,-38.4,176.9
g-38p4_177p0,0.41785768715954047,0.8528012977633626,1200,0.510017528988929,-38.4,177.0
g-38p4_177p1,0.5057162446034779,0.8938829584093765,1200,0.43424780633095794,-38.4,177.1
g-38p4_177p2,0.4459479789633075,0.922626478743429,1200,0.516653825532228,-38.4,177.2
g-38p4_177p3,0.5187401538260368,0.9115650345835213,1200,0.43093456402368435,-38.4,177.3
g-38p4_177p4,0.41210439746014615,0.891751805585809,1200,0.5378709693899337,-38.4,177.4
g-38p4_177p5,0.3865195155469496,0.866291101258248,1200,0.5538225949850486,-38.4,177.5
g-38p4_177p6,0.29585744604936376,0.7753468516267216,1200,0.618419233368088,-38.4,177.6
g-38p4_177p7,0.31860726326861033,0.763165657944046,1200,0.5825188673623858,-38.4,177.7
g-38p4_177p8,0.35184932144638703,0.8684969092983131,1200,0.5948755629646886,-38.4,177.8
g-38p4_177p9,0.2876504283592036,0.7988023445289582,1200,0.6398978666883773,-38.4,177.9
g-38p4_178p0,0.3566044980670908,0.8320616571822514,1200,0.5714205852547997,-38.4,178.0
g-38p5_174p7,0.4017941916487405,0.8561967991944403,1200,0.530722151698334,-38.5,174.7
g-38p5_174p8,0.23775227733546364,0.7837899661778162,1200,0.6966632802217763,-38.5,174.8
g-38p5_174p9,0.32348853833251356,0.7735173515152807,1200,0.5817953692973841,-38.5,174.9
g-38p5_175p0,0.19190341429080846,0.7160752968862653,1200,0.7320066547117758,-38.5,175.0
g-38p5_175p1,0.3947271664661619,0.8409640761045739,1200,0.5306254123308383,-38.5,175.1
g-38p5_175p2,0.39584069194691085,0.8069342065618063,1200,0.5094510943667725,-38.5,175.2
g-38p5_175p3,0.4126078893022979,0.8971029446134344,1200,0.5400662858373602,-38.5,175.3
g-38p5_175p4,0.2888403498803648,0.8047740505480518,1200,0.6410913725614484,-38.5,175.4
g-38p5_175p5,0.3086630889698323,0.823693014341094,1177,0.6252692646461927,-38.5,175.5
g-38p5_175p6,0.37165369736726733,0.8417920760173971,1200,0.5584970351282014,-38.5,175.6
g-38p5_175p7,0.18110081981273746,0.7410068299605822,1200,0.7556016861243086,-38.5,175.7
g-38p5_175p8,0.2924568140716538,0.8741529633384197,1200,0.6654397727432607,-38.5,175.8
g-38p5_175p9,0.3130290491787869,0.8476650913245976,1200,0.6307161255282622,-38.5,175.9
g-38p5_176p0,0.45023104472392816,0.9224978715802232,1200,0.5119435409073736,-38.5,176.0
g-38p5_176p1,0.3626046720778719,0.8289355061063542,1200,0.5625658818970303,-38.5,176.1
g-38p5_176p2,0.5228315710801273,0.9724158212728798,1200,0.46233744901872587,-38.5,176.2
g-38p5_176p3,0.3446029468736322,0.8896552749409918,1182,0.6126556469903597,-38.5,176.3
g-38p5_176p4,0.4976228045407684,0.9603494384946922,1200,0.4818315244492969,-38.5,176.4
g-38p5_176p5,0.2610716043585725,0.8349304724208735,1188,0.6873133596362848,-38.5,176.5
g-38p5_176p6,0.30224455850238596,0.7833742173031594,1200,0.6141760198045683,-38.5,176.6
g-38p5_176p7,0.31963043695628174,0.8904645270753484,1198,0.6410520270739144,-38.5,176.7
g-38p5_176p8,0.2909472706629804,0.8343744935793802,1200,0.6512989396226068,-38.5,176.8
g-38p5_176p9,0.2009989692897757,0.8630894498573616,1200,0.7671168737805869,-38.5,176.9
g-38p5_177p0,0.3723764932524072,0.7971875693649053,1200,0.532887230606132,-38.5,177.0
g-38p5_177p1,0.21076659544211224,0.6824418177936847,1200,0.6911581471904598,-38.5,177.1
g-38p5_177p2,0.3180403483659892,0.8811444877430734,1185,0.6390599353567944,-38.5,177.2
g-38p5_177p3,0.3512430510586735,0.7763764776289463,1200,0.5475866912771885,-38.5,177.3
g-38p5_177p4,0.33347294189668586,0.8471522449205319,1191,0.6063600800255594,-38.5,177.4
g-38p5_177p5,0.3636046864686494,0.7909375831888368,1200,0.5402864976997324,-38.5,177.5
g-38p5_177p6,0.4541589575651551,0.89904237030074,1200,0.49484143065111186,-38.5,177.6
g-38p5_177p7,0.32592178267006694,0.8644908992899581,1200,0.622989920497995,-38.5,177.7
g-38p5_177p8,0.37009661112137626,0.8855285108167057,1200,0.5820613265404144,-38.5,177.8
g-38p5_177p9,0.2850391588651472,0.8371753062664842,1200,0.659522734687046,-38.5,177.9
g-38p5_178p0,0.2671497346247815,0.765230480733638,1200,0.6508898412297155,-38.5,178.0
g-38p6_174p7,0.3199554408965537,0.8157279548188672,1200,0.607766977941071,-38.6,174.7
g-38p6_174p8,0.3464661235780709,0.8143284959159791,1200,0.5745376401345795,-38.6,174.8
g-38p6_174p9,0.1917222557214942,0.7086294534538562,1200,0.7294463914997592,-38.6,174.9
g-38p6_175p0,0.2861305326431663,0.7582695352767284,1200,0.6226532659804884,-38.6,175.0
g-38p6_175p1,0.6084111778566301,1.0137985155188167,1200,0.39986972900106044,-38.6,175.1
g-38p6_175p2,0.2635197804392845,0.7574471327771122,1200,0.6520948208317685,-38.6,175.2
g-38p6_175p3,0.22549646425107614,0.7747069508287435,1200,0.7089267573889055,-38.6,175.3
g-38p6_175p4,0.30685697122516054,0.7719851173693314,1200,0.6025092138164178,-38.6,175.4
g-38p6_175p5,0.32747176036568426,0.8502321965914841,1200,0.6148443193771143,-38.6,175.5
g-38p6_175p6,0.20494456498382235,0.768172687352635,1200,0.7332050874001705,-38.6,175.6
g-38p6_175p7,0.3721108481635369,0.8547013517407079,1200,0.5646305608319375,-38.6,175.7
g-38p6_175p8,0.34471518617934666,0.9035059513850138,1200,0.6184693795863531,-38.6,175.8
g-38p6_175p9,0.3597499351580913,0.8739675576317435,1200,0.5883715224705444,-38.6,175.9
g-38p6_176p0,0.35068181077729155,0.8896175792114809,1200,0.6058061138044046,-38.6,176.0
g-38p6_176p1,0.18332835670363787,0.785129057035471,1200,0.7664990805513452,-38.6,176.1
g-38p6_176p2,0.3682702697639602,0.9368114433018491,1200,0.6068896549064674,-38.6,176.2
g-38p6_176p3,0.2764490886168968,0.852208135703889,1200,0.6756084845534112,-38.6,176.3
g-38p6_176p4,0.1220531968206359,0.775453820953456,1200,0.842604171231543,-38.6,176.4
g-38p6_176p5,0.3149302510611688,0.8196929593772317,1200,0.6157948565272056,-38.6,176.5
g-38p6_176p6,0.28014468971625933,0.7939264826554184,1200,0.647140263190026,-38.6,176.6
g-38p6_176p7,0.4289212550721891,0.9559578092334171,1200,0.5513177977842545,-38.6,176.7
g-38p6_176p8,0.21237142069442877,0.832776498044841,1200,0.7449838928055417,-38.6,176.8
g-38p6_176p9,0.38993770620371515,0.9195182290657734,1200,0.5759325983130426,-38.6,176.9
g-38p6_177p0,0.3365117385788865,0.8459099855879322,1200,0.6021896604696054,-38.6,177.0
g-38p6_177p1,0.45348589552432383,0.8583985871976862,1200,0.471707080734177,-38.6,177.1
g-38p6_177p2,0.24742472013705566,0.7839080910586441,1200,0.6843702431966022,-38.6,177.2
g-38p6_177p3,0.33302875922652414,0.8166709785892938,1200,0.5922118356626394,-38.6,177.3
g-38p6_177p4,0.41582878192398004,0.7806363216570268,1200,0.4673207351647227,-38.6,177.4
g-38p6_177p5,0.33658888603515513,0.8373991779082766,1200,0.5980544345936497,-38.6,177.5
g-38p6_177p6,0.25183046281380406,0.7846976296898599,1200,0.6790732464512015,-38.6,177.6
g-38p6_177p7,0.22422764253337496,0.7290143789304421,1200,0.6924235666485128,-38.6,177.7
g-38p6_177p8,0.38085581555092346,0.9448865592324486,1200,0.5969295871238758,-38.6,177.8
g-38p6_177p9,0.3934646671562065,0.8189654494651283,1200,0.5195588929750568,-38.6,177.9
g-38p6_178p0,0.18692826580232522,0.7303100350530197,1200,0.744042588996118,-38.6,178.0
g-38p7_174p7,0.16123458271210653,0.738701975797303,1200,0.7817325687560518,-38.7,174.7
g-38p7_174p8,0.271586105754493,0.7754733545628066,1200,0.6497802224196256,-38.7,174.8
g-38p7_174p9,0.23814403299105738,0.7803518862448012,1200,0.6948248127686973,-38.7,174.9
g-38p7_175p0,0.21177381222076644,0.7442512963184466,1200,0.7154538886686014,-38.7,175.0
g-38p7_175p1,0.43415345643930425,0.8771983384294435,1200,0.5050680816192348,-38.7,175.1
g-38p7_175p2,0.5210470075712249,0.9821741254953668,1200,0.4694963000492087,-38.7,175.2
g-38p7_175p3,0.2364400679139555,0.7887467086672162,1200,0.7002332113518676,-38.7,175.3
g-38p7_175p4,0.48160004831235853,0.878954937273326,1200,0.45207651963777884,-38.7,175.4
g-38p7_175p5,0.2564922506049224,0.736645526822346,1200,0.6518104824292517,-38.7,175.5
g-38p7_175p6,0.5271470225698005,0.8720885094672969,1186,0.3955349521898862,-38.7,175.6
g-38p7_175p7,0.2847259892060799,0.7903779267162705,1200,0.6397596901661822,-38.7,175.7
g-38p7_175p8,0.32533090462441305,0.7814650997659192,1200,0.5836910634628942,-38.7,175.8
g-38p7_175p9,0.4303186262647616,0.8391381543781609,1200,0.4871897743898357,-38.7,175.9
g-38p7_176p0,0.28984995123924,0.7617104847806816,1200,0.6194749093906773,-38.7,176.0
g-38p7_176p1,0.411805303386987,0.844885366029727,1200,0.5125903229663729,-38.7,176.1
g-38p7_176p2,0.3585374572859939,0.8405142905904601,1200,0.5734308609623736,-38.7,176.2
g-38p7_176p3,0.19872140073740585,0.747291064520056,1200,0.7340776436755152,-38.7,176.3
g-38p7_176p4,0.1920084666627214,0.7725048521052426,1200,0.7514469117709011,-38.7,176.4
g-38p7_176p5,0.34609818817024596,0.8477188745258637,1191,0.5917299961454539,-38.7,176.5
g-38p7_176p6,0.42951570031636077,0.8118835516491284,1200,0.4709639092405403,-38.7,176.6
g-38p7_176p7,0.41468995867734865,0.9505285168997943,1200,0.5637269673613952,-38.7,176.7
g-38p7_176p8,0.4808067928692487,0.9277636891929433,1200,0.4817572637623919,-38.7,176.8
g-38p7_176p9,0.3413459216400491,0.7910663480823389,1188,0.5684989982603585,-38.7,176.9
g-38p7_177p0,0.43427625543296994,0.8485981963404143,1200,0.4882427781418941,-38.7,177.0
g-38p7_177p1,0.3689318487928296,0.8205556357900302,1200,0.5503877705530322,-38.7,177.1
g-38p7_177p2,0.4021130713318706,0.7948810644323627,1200,0.49412171288917806,-38.7,177.2
g-38p7_177p3,0.39647713944798946,0.8202175315438459,1200,0.5166195256742141,-38.7,177.3
g-38p7_177p4,0.5914488400780904,0.9926976268490155,1200,0.404200408985115,-38.7,177.4
g-38p7_177p5,0.38603882503038617,0.8090633965299154,1200,0.5228571374182638,-38.7,177.5
g-38p7_177p6,0.508574170328287,0.9021405849652365,1200,0.436258407166235,-38.7,177.6
g-38p7_177p7,0.14515650586291498,0.7066013107371206,1200,0.7945708511190152,-38.7,177.7
g-38p7_177p8,0.54881271428873,0.9684104395161073,1200,0.43328500820069715,-38.7,177.8
g-38p7_177p9,0.2852949784163613,0.7625879291600237,1200,0.6258857929594973,-38.7,177.9
g-38p8_174p7,0.7765369640531354,1.02780156815735,1200,0.24446801006023333,-38.8,174.7
g-38p8_174p8,0.27530273407532313,0.759230530251128,1200,0.6373924347006144,-38.8,174.8
g-38p8_174p9,0.347836005138765,0.8471278031465287,1200,0.5893937091348194,-38.8,174.9
g-38p8_175p0,0.3322150393345582,0.8012034655252727,1196,0.5853549645884812,-38.8,175.0
g-38p8_175p1,0.2387034516046917,0.6869218723693241,1200,0.6525027645700695,-38.8,175.1
g-38p8_175p2,0.2526717625786316,0.7833338262109707,1200,0.6774405060473145,-38.8,175.2
g-38p8_175p3,0.2321867323633876,0.7351496511682247,1200,0.6841639902917451,-38.8,175.3
g-38p8_175p4,0.29049953293973,0.7835217196691231,1192,0.6292386979873303,-38.8,175.4
g-38p8_175p5,0.2446054447158253,0.7297728892740787,1192,0.6648197702176362,-38.8,175.5
g-38p8_175p6,0.302890552414428,0.7791356486827135,1200,0.6112479862440824,-38.8,175.6
g-38p8_175p7,0.2968548084606033,0.7604565140387665,1200,0.609636050214082,-38.8,175.7
g-38p8_175p8,0.3979005103054305,0.7816455453556652,1200,0.4909450803248967,-38.8,175.8
g-38p8_175p9,0.46317209305674917,0.8696959092033406,1200,0.46743213558285635,-38.8,175.9
g-38p8_176p0,0.3358780245385466,0.8279456390192111,1200,0.5943235778904161,-38.8,176.0
g-38p8_176p1,0.41730981632356967,0.8007228345610201,1200,0.47883362592956247,-38.8,176.1
g-38p8_176p2,0.17459399259773806,0.7888886960999419,1200,0.7786836172696037,-38.8,176.2
g-38p8_176p3,0.4112285911708677,0.8872839450618873,1200,0.5365310130319276,-38.8,176.3
g-38p8_176p4,0.37859959513688934,0.9295028133224696,1200,0.5926859072286176,-38.8,176.4
g-38p8_176p5,0.534880260319942,0.9884522846310089,1200,0.45887093526258194,-38.8,176.5
g-38p8_176p6,0.24784259951787205,0.7237823861309638,1200,0.6575730436841185,-38.8,176.6
g-38p8_176p7,0.3070930012459612,0.8715729258038725,1200,0.6476565618846846,-38.8,176.7
g-38p8_176p8,0.27978428143210066,0.8016050494058679,1200,0.6509699113803354,-38.8,176.8
g-38p8_176p9,0.2905056365882012,0.8260611557215453,1200,0.6483242982967148,-38.8,176.9
g-38p8_177p0,0.3016706735003902,0.7423637907921026,1200,0.5936349842999382,-38.8,177.0
g-38p8_177p1,0.1441297199981099,0.6637243401861942,1199,0.7828470175469574,-38.8,177.1
g-38p8_177p2,0.27667745923566545,0.8010802770297354,1200,0.654619559151379,-38.8,177.2
g-38p8_177p3,0.4735778285873233,0.8770129741666217,1200,0.46001046445482885,-38.8,177.3
g-38p8_177p4,0.3651722827899051,0.7982914767243589,1200,0.5425577080087065,-38.8,177.4
g-38p8_177p5,0.1630633980659413,0.72286061839511,1200,0.7744193086241529,-38.8,177.5
g-38p8_177p6,0.2847272922449621,0.8104215419183796,1200,0.6486676655077883,-38.8,177.6
g-38p8_177p7,0.5006290965503669,0.9092451506402964,1200,0.4494014114919166,-38.8,177.7
g-38p8_177p8,0.29793150070194374,0.8140565528549875,1200,0.6340162121942701,-38.8,177.8
g-38p8_177p9,0.4947688283853323,0.8640376141993329,1200,0.4273758222391584,-38.8,177.9
g-38p9_174p6,0.441953935126575,0.8752223650350546,1200,0.495038115132177,-38.9,174.6
g-38p9_174p7,0.4367620553493689,0.9101679245149716,1200,0.5201302489514565,-38.9,174.7
g-38p9_174p8,0.39326618402305097,0.901530563249944,1179,0.563779421292875,-38.9,174.8
g-38p9_174p9,0.2368124055363655,0.7715381001634524,1200,0.6930645350032666,-38.9,174.9
g-38p9_175p0,0.3111382866976968,0.80406106852764,1182,0.61304147299727,-38.9,175.0
g-38p9_175p1,0.6305508331104482,0.9976953716094916,1200,0.36799262474953887,-38.9,175.1
g-38p9_175p2,0.6713781039506821,0.9735498854145408,1200,0.31038140519650204,-38.9,175.2
g-38p9_175p3,0.45160908985315207,0.8815601446976264,1200,0.48771607635681713,-38.9,175.3
g-38p9_175p4,0.2468778161134001,0.7812999300798401,1200,0.6840165900332642,-38.9,175.4
g-38p9_175p5,0.2659626574803281,0.7309831783237557,1200,0.63615762254582,-38.9,175.5
g-38p9_175p6,0.49162777500207144,0.8176711096102371,1200,0.3987463061567409,-38.9,175.6
g-38p9_175p7,0.31905108816472355,0.7550875440255428,1200,0.5774647712187253,-38.9,175.7
g-38p9_175p8,0.21027258296954995,0.7200875214207918,1200,0.7079902418602326,-38.9,175.8
g-38p9_175p9,0.45810888546008327,0.8012741207672904,1200,0.428274452416604,-38.9,175.9
g-38p9_176p0,0.37034805150838823,0.8216469358544176,1200,0.5492613246062079,-38.9,176.0
g-38p9_176p1,0.33699414941352535,0.8349104072821016,1200,0.5963708842598474,-38.9,176.1
g-38p9_176p2,0.2261322672257812,0.7963032526631529,1200,0.7160224242843345,-38.9,176.2
g-38p9_176p3,0.34725592624901025,0.8258670238095025,1200,0.5795256182439492,-38.9,176.3
g-38p9_176p4,0.3593775170720349,0.8256924285072212,1200,0.564756191695063,-38.9,176.4
g-38p9_176p5,0.31956330586279397,0.8139875154179641,1187,0.6074100648844651,-38.9,176.5
g-38p9_176p6,0.2801376442608138,0.8527383308919767,1200,0.6714846347204942,-38.9,176.6
g-38p9_176p7,0.31690846487022895,0.7571219331134732,1200,0.5814300827780504,-38.9,176.7
g-38p9_176p8,0.3467203257929242,0.8091503331732626,1200,0.5715007315968301,-38.9,176.8
g-38p9_176p9,0.21511299980951085,0.7525205923647931,1200,0.714143370969399,-38.9,176.9
g-38p9_177p0,0.23360030649441132,0.7306467610054339,1200,0.6802828412282882,-38.9,177.0
g-38p9_177p1,0.20106418504128912,0.6844655983150005,1200,0.7062464709164877,-38.9,177.1
g-38p9_177p2,0.3098053880926145,0.7881014692193518,1200,0.6068965733568674,-38.9,177.2
g-38p9_177p3,0.3691669523149522,0.9168545308891298,1178,0.5973549348586973,-38.9,177.3
g-38p9_177p4,0.25360301270982555,0.7425068690457071,1200,0.6584502806879564,-38.9,177.4
g-38p9_177p5,0.33365629532090063,0.7550320737700289,1200,0.5580899051680192,-38.9,177.5
g-38p9_177p6,0.5261693325582544,0.8634888195929428,1200,0.39064719702300743,-38.9,177.6
g-38p9_177p7,0.36480352355918827,0.7824760308054586,1200,0.5337831330326248,-38.9,177.7
g-38p9_177p8,0.35276374086177215,0.7220080824273949,1200,0.5114130306190221,-38.9,177.8
g-38p9_177p9,0.28688385913577275,0.7178508813368777,1200,0.6003573073540018,-38.9,177.9
g-39p0_174p5,0.20764949960665047,0.7745588911852489,1200,0.731912573763242,-39.0,174.5
g-39p0_174p6,0.39319481996885275,0.903279663817957,1200,0.5647031194005764,-39.0,174.6
g-39p0_174p7,0.38025458093858255,0.8524467819292719,1200,0.5539257241631155,-39.0,174.7
g-39p0_174p8,0.29316482381053083,0.7929602898440014,1200,0.6302906620100674,-39.0,174.8
g-39p0_174p9,0.30126989654360786,0.7694936367993553,1200,0.6084829267767373,-39.0,174.9
g-39p0_175p0,0.36046226041178814,0.8058495895176505,1200,0.552692878298112,-39.0,175.0
g-39p0_175p1,0.20572486608062643,0.7654627796452188,1198,0.7312411895768767,-39.0,175.1
g-39p0_175p2,0.3365657032121326,0.8021738398168236,1200,0.580432960405456,-39.0,175.2
g-39p0_175p3,0.20504990655737315,0.7105152279749475,1183,0.7114067391042558,-39.0,175.3
g-39p0_175p4,0.38957980355159266,0.8281159834656865,1200,0.5295588886943212,-39.0,175.4
g-39p0_175p5,0.28229502841629484,0.7294451782935752,1189,0.6130003503804349,-39.0,175.5
g-39p0_175p6,0.18584763212699926,0.6885910160993729,1184,0.7301044774302153,-39.0,175.6
g-39p0_175p7,0.31292378994325465,0.7351746350992471,1200,0.5743544798699284,-39.0,175.7
g-39p0_175p8,0.24974132962626897,0.6494864779167498,1200,0.6154787849820633,-39.0,175.8
g-39p0_175p9,0.412502935866679,0.7869156622312342,1200,0.47579778156014696,-39.0,175.9
g-39p0_176p0,0.2861592928269909,0.7702693039318547,1200,0.628494487101738,-39.0,176.0
g-39p0_176p1,0.4360036770082495,0.8550222633530696,1200,0.49006745707601795,-39.0,176.1
g-39p0_176p2,0.2425464491743136,0.781112870479313,1200,0.6894860418501616,-39.0,176.2
g-39p0_176p3,0.42807685555050806,0.8933908740694945,1200,0.5208403533376489,-39.0,176.3
g-39p0_176p4,0.37646540080210383,0.8507777823368088,1200,0.5575044287498008,-39.0,176.4
g-39p0_176p5,0.20826478455489927,0.7403937607988095,1200,0.7187107785319493,-39.0,176.5
g-39p0_176p6,0.2743635972015494,0.7802077530991907,1200,0.6483454616905497,-39.0,176.6
g-39p0_176p7,0.18457309747402695,0.7427678561992352,1199,0.7515063475976291,-39.0,176.7
g-39p0_176p8,0.37504337791380454,0.8675717949525764,1200,0.5677091162993544,-39.0,176.8
g-39p0_176p9,0.26072468973524304,0.8105391749925911,1200,0.6783317848423227,-39.0,176.9
g-39p0_177p0,0.24671613761547467,0.8396904079072798,1200,0.706182022216553,-39.0,177.0
g-39p0_177p1,0.41922488318870327,0.8962628211531167,1200,0.5322522888438733,-39.0,177.1
g-39p0_177p2,0.28208993213557726,0.7690344815468415,1200,0.6331894877220856,-39.0,177.2
g-39p0_177p3,0.3118766656704734,0.7810441358131454,1199,0.6006926479951373,-39.0,177.3
g-39p0_177p4,0.4172571731656645,0.8497726105246692,1200,0.5089778512535956,-39.0,177.4
g-39p0_177p5,0.35099732067487754,0.7783986913474897,1200,0.5490777096923629,-39.0,177.5
g-39p0_177p6,0.3950886448919912,0.821910669816037,1200,0.5193046405147395,-39.0,177.6
g-39p0_177p7,0.35045336559168483,0.7916474785686781,1200,0.5573113348060998,-39.0,177.7
g-39p0_177p8,0.4027585544827789,0.759805518394957,1200,0.46991888748902233,-39.0,177.8
g-39p1_173p9,0.594207444633274,0.9606871300376951,1200,0.3814766264122236,-39.1,173.9
g-39p1_174p0,0.4284232966161673,0.886317981366689,1200,0.516625741976322,-39.1,174.0
g-39p1_174p1,0.3497101783165712,0.7575265427993584,1193,0.5383525743873547,-39.1,174.1
g-39p1_174p2,0.4201067033967303,0.9185129499124984,1200,0.5426229935715643,-39.1,174.2
g-39p1_174p3,0.373659333245459,0.8388674215103189,1200,0.5545668795043763,-39.1,174.3
g-39p1_174p4,0.5252596940049895,0.944199826597857,1200,0.44369859090357333,-39.1,174.4
g-39p1_174p5,0.3200183092980229,0.7972547999474531,1200,0.5985997082499657,-39.1,174.5
g-39p1_174p6,0.3531882814282469,0.8155555773122857,1200,0.5669353613003287,-39.1,174.6
g-39p1_174p7,0.20287263823746224,0.7540617222012952,1200,0.7309601690890419,-39.1,174.7
g-39p1_174p8,0.28569820052189027,0.7568397292510296,1200,0.6225116236899748,-39.1,174.8
g-39p1_174p9,0.4355416038495546,0.8680055997939781,1200,0.49822719582347075,-39.1,174.9
g-39p1_175p0,0.38075335316878345,0.8538384428693531,1191,0.5540686222920007,-39.1,175.0
g-39p1_175p1,0.3470647976104553,0.8173281178142254,1200,0.5753666244364526,-39.1,175.1
g-39p1_175p2,0.30227662952169876,0.7745994580707823,1200,0.6097639542963933,-39.1,175.2
g-39p1_175p3,0.302687051387754,0.8022514149333212,1187,0.6227030008879302,-39.1,175.3
g-39p1_175p4,0.1824322963210779,0.6770189841169243,1200,0.7305359220332128,-39.1,175.4
g-39p1_175p5,0.40258994532237985,0.8157942673796788,1200,0.5065055475132305,-39.1,175.5
g-39p1_175p6,0.31906699618585427,0.7756486574995021,1200,0.5886449449748978,-39.1,175.6
g-39p1_175p7,0.21725596833992805,0.7601278545055539,1200,0.7141849663156362,-39.1,175.7
g-39p1_175p8,0.2720486241915253,0.7372205625536541,1200,0.6309806888061049,-39.1,175.8
g-39p1_175p9,0.3057689342263093,0.7941386311734095,1200,0.6149678126418445,-39.1,175.9
g-39p1_176p0,0.3750315191484617,0.7605906559340656,1200,0.5069206856243937,-39.1,176.0
g-39p1_176p1,0.2450032472012495,0.7845011604468649,1200,0.6876954942148312,-39.1,176.1
g-39p1_176p2,0.25479396421839373,0.7555284259328618,1200,0.6627605852105486,-39.1,176.2
g-39p1_176p3,0.2486876507987449,0.8632874042664965,1200,0.7119294807619189,-39.1,176.3
g-39p1_176p4,0.26144641670304725,0.7235903978332257,1200,0.6386817493903425,-39.1,176.4
g-39p1_176p5,0.25890715807694675,0.758322895616293,1200,0.6585792680484326,-39.1,176.5
g-39p1_176p6,0.3077514891126367,0.8617449305563544,1200,0.642874035923892,-39.1,176.6
g-39p1_176p7,0.46748236554598604,0.9184888281719759,1200,0.4910309726070444,-39.1,176.7
g-39p1_176p8,0.48569676288309827,0.8786924295670663,1200,0.4472505434894868,-39.1,176.8
g-39p1_176p9,0.36957107075845447,0.7921421585635593,1200,0.5334536020294378,-39.1,176.9
g-39p1_177p0,0.42360485965129596,0.8850644433684647,1200,0.5213852925340676,-39.1,177.0
g-39p1_177p1,0.3410513669900861,0.7843864446752911,1199,0.5651998204389297,-39.1,177.1
g-39p1_177p2,0.616034607543562,0.919045421856766,1200,0.32970167426657226,-39.1,177.2
g-39p1_177p9,0.19543943578137235,0.5632722149835899,1200,0.65302844595829,-39.1,177.9
g-39p2_173p8,0.4682813385473146,0.8654810579167679,1200,0.4589351964854341,-39.2,173.8
g-39p2_173p9,0.7098670456640436,1.0292199440859258,1200,0.31028634866331406,-39.2,173.9
g-39p2_174p0,0.4164955109167634,0.858370670483758,1200,0.5147836182682756,-39.2,174.0
g-39p2_174p1,0.27231642151127394,0.8315375828521714,1192,0.6725145956996562,-39.2,174.1
g-39p2_174p2,0.7164350016511284,1.1155077337054535,1200,0.3577498568554963,-39.2,174.2
g-39p2_174p3,0.3225477531624411,0.9006115078817433,1200,0.6418569490400139,-39.2,174.3
g-39p2_174p4,0.24953601085166988,0.8410396255533891,1184,0.7033005303555351,-39.2,174.4
g-39p2_174p5,0.23515275508745082,0.7613627192362522,1200,0.6911422779889456,-39.2,174.5
g-39p2_174p6,0.601752003565371,0.9886087884614244,1200,0.391314329198024,-39.2,174.6
g-39p2_174p7,0.46385483151820833,0.9321854400836552,1200,0.5024006902783404,-39.2,174.7
g-39p2_174p8,0.3446478345315408,0.8591871100245043,1200,0.5988675452524987,-39.2,174.8
g-39p2_174p9,0.45414437834413235,0.8592460666845242,1200,0.471461789640204,-39.2,174.9
g-39p2_175p0,0.3343506005439262,0.813107501862881,1200,0.5887990213127936,-39.2,175.0
g-39p2_175p1,0.3835466576854108,0.7611185811009878,1200,0.4960750306074574,-39.2,175.1
g-39p2_175p2,0.3550537883182453,0.7606454062803338,1200,0.5332203607795257,-39.2,175.2
g-39p2_175p3,0.40432290718231056,0.7622288930307453,1200,0.4695518486912017,-39.2,175.3
g-39p2_175p4,0.3372653337661743,0.7219687454029917,1200,0.532853276663773,-39.2,175.4
g-39p2_175p5,0.21621977642124587,0.6170173154197013,1200,0.6495725954235643,-39.2,175.5
g-39p2_175p6,0.422533301406244,0.7596095245378092,1200,0.44374933731467103,-39.2,175.6
g-39p2_175p7,0.44405146792164846,0.8325319609697908,1200,0.46662532042086813,-39.2,175.7
g-39p2_175p8,0.22329447361838542,0.6886995544362192,1200,0.675773750425644,-39.2,175.8
g-39p2_175p9,0.27712185860755234,0.76312631857271,1200,0.6368597807950606,-39.2,175.9
g-39p2_176p0,0.2031395425826949,0.6826592067380747,1200,0.7024290589248051,-39.2,176.0
g-39p2_176p1,0.5296639343338763,0.9477836205276771,1180,0.44115521426822435,-39.2,176.1
g-39p2_176p2,0.2961304962062678,0.7249170299060643,1200,0.5914973935091017,-39.2,176.2
g-39p2_176p3,0.31482102480751434,0.7117259344443058,1200,0.5576653743082762,-39.2,176.3
g-39p2_176p4,0.2631862551351952,0.7444758944244434,1200,0.646481159287682,-39.2,176.4
g-39p2_176p5,0.37428652550095404,0.8544005815700317,1200,0.5619308629060487,-39.2,176.5
g-39p2_176p6,0.19373741780094514,0.6045405722937236,1200,0.6795295027662505,-39.2,176.6
g-39p2_176p7,0.33818175362115,0.8299460844571391,1200,0.5925256351533342,-39.2,176.7
g-39p2_176p8,0.39034210724224216,0.7928701775474474,1200,0.5076847152333673,-39.2,176.8
g-39p2_176p9,0.2770963912085919,0.7225037833706787,1200,0.6164775914170841,-39.2,176.9
g-39p2_177p0,0.2540137169792433,0.670065624577882,1181,0.6209121798491557,-39.2,177.0
g-39p2_177p9,0.3070856343825757,0.48867726022954366,1182,0.37159827277755864,-39.2,177.9
g-39p3_173p8,0.5202095696720722,0.900078113428317,1200,0.42203952977965375,-39.3,173.8
g-39p3_173p9,0.42844705965413077,0.8605362513444076,1200,0.5021161990738077,-39.3,173.9
g-39p3_174p0,0.40507255894143945,0.8691194284055382,1200,0.5339276217946548,-39.3,174.0
g-39p3_174p1,0.34898499548347167,0.882437492570219,1200,0.6045215684716596,-39.3,174.1
g-39p3_174p2,0.4395384305377568,0.9141983574194212,1200,0.5192089036579806,-39.3,174.2
g-39p3_174p3,0.47157610781532583,0.9416851025912911,1200,0.4992210171769079,-39.3,174.3
g-39p3_174p4,0.2881709537072857,0.8592082715872675,1200,0.6646087296448742,-39.3,174.4
g-39p3_174p5,0.2527018054107676,0.789538102094084,1200,0.6799371623224654,-39.3,174.5
g-39p3_174p6,0.3539831872309343,0.7854351029917598,1200,0.5493158048544107,-39.3,174.6
g-39p3_174p7,0.33376895962539516,0.8412763477039213,1200,0.6032588333948243,-39.3,174.7
g-39p3_174p8,0.3454462829329797,0.8009449534444139,1200,0.5687015924784724,-39.3,174.8
g-39p3_174p9,0.3118022052785277,0.7957459267632415,1200,0.6081636175672209,-39.3,174.9
g-39p3_175p0,0.31384128530903804,0.7472842152835801,1200,0.5800242011134396,-39.3,175.0
g-39p3_175p1,0.2875681209957703,0.7522751828639789,1178,0.6177354676237321,-39.3,175.1
g-39p3_175p2,0.34693069179712505,0.7319266491927175,1185,0.5260034701841036,-39.3,175.2
g-39p3_175p3,0.5349258680939528,0.8328143618147199,1200,0.3576889489173336,-39.3,175.3
g-39p3_175p4,0.2730382965971097,0.6863047587421413,1200,0.6021617319140639,-39.3,175.4
g-39p3_175p5,0.36024046808805366,0.7484194739151006,1188,0.5186650259064227,-39.3,175.5
g-39p3_175p6,0.41754532868813393,0.7324604466836899,1200,0.4299414656741879,-39.3,175.6
g-39p3_175p7,0.5342393833473202,0.8574872897022093,1200,0.3769710761160642,-39.3,175.7
g-39p3_175p8,0.366854913703327,0.7713455338077619,1200,0.5243961394417613,-39.3,175.8
g-39p3_175p9,0.20798447000221781,0.6917209591499219,1200,0.6993231631179477,-39.3,175.9
g-39p3_176p0,0.10241459476739376,0.6396665605437011,1200,0.8398937804715885,-39.3,176.0
g-39p3_176p1,0.2715305844508948,0.7602915754603843,1200,0.6428599326692879,-39.3,176.1
g-39p3_176p2,0.27528747369093237,0.7152841715902711,1200,0.615135515890288,-39.3,176.2
g-39p3_176p3,0.39573459983592485,0.846414478130949,1200,0.5324576669461216,-39.3,176.3
g-39p3_176p4,0.16822400300584991,0.643666620690686,1200,0.7386473096502391,-39.3,176.4
g-39p3_176p5,0.3516718064466085,0.7985916057306652,1200,0.5596349824828811,-39.3,176.5
g-39p3_176p6,0.17311551556522603,0.6942017403570935,1200,0.7506265030736219,-39.3,176.6
g-39p3_176p7,0.18793977724557565,0.6998629679453249,1200,0.7314620349218734,-39.3,176.7
g-39p3_176p8,0.4100982963667843,0.8120188176771626,1200,0.494964540920493,-39.3,176.8
g-39p3_176p9,0.29680882068439945,0.757343313509288,1200,0.608092109100321,-39.3,176.9
g-39p4_173p9,0.5806160692511781,1.0164808282007773,1200,0.4287978158142952,-39.4,173.9
g-39p4_174p0,0.5605023410593136,0.9852855646874135,1200,0.43112701418990573,-39.4,174.0
g-39p4_174p1,0.5370830893758335,0.9413563462765887,1200,0.4294582582884844,-39.4,174.1
g-39p4_174p2,0.31300743597162844,0.8020120804896578,1200,0.6097222927358825,-39.4,174.2
g-39p4_174p3,0.4162718368442818,0.8680313249211759,1200,0.5204414577065146,-39.4,174.3
g-39p4_174p4,0.3044618305884935,0.7662022838834673,1200,0.6026351826500174,-39.4,174.4
g-39p4_174p5,0.20417714434048542,0.7724770347525676,1200,0.7356851593576688,-39.4,174.5
g-39p4_174p6,0.3824708280544956,0.8233335742307827,1200,0.5354606686459649,-39.4,174.6
g-39p4_174p7,0.18331634190551888,0.7287325869252285,1200,0.7484449780419549,-39.4,174.7
g-39p4_174p8,0.4048268929376507,0.8417538949024553,1200,0.5190673956019377,-39.4,174.8
g-39p4_174p9,0.3900814535715612,0.8858349619599786,1197,0.5596454527957717,-39.4,174.9
g-39p4_175p0,0.29372074917388713,0.7411227951012552,1200,0.6036813992021959,-39.4,175.0
g-39p4_175p1,0.4319024886609561,0.8168600400009502,1200,0.4712650056177877,-39.4,175.1
g-39p4_175p2,0.4516926979254214,0.8405434298701584,1200,0.462618251628954,-39.4,175.2
g-39p4_175p3,0.1595898944040591,0.6957135311110566,1200,0.7706097592364007,-39.4,175.3
g-39p4_175p4,0.2807479029921135,0.6935458351423343,1200,0.595199208521674,-39.4,175.4
g-39p4_175p5,0.18524769414430298,0.6111792689375579,1200,0.6969012144892809,-39.4,175.5
g-39p4_175p6,0.3020705623001439,0.6600942136828477,1200,0.5423826538111751,-39.4,175.6
g-39p4_175p7,0.2506069243626578,0.7283079296195258,1200,0.6559052645581149,-39.4,175.7
g-39p4_175p8,0.2640731186108704,0.7418554316383476,1200,0.6440369547100582,-39.4,175.8
g-39p4_175p9,0.5206506561828571,0.8523805413426211,1200,0.38918049987068226,-39.4,175.9
g-39p4_176p0,0.42548846413271046,0.791010992208882,1186,0.46209538385232474,-39.4,176.0
g-39p4_176p1,0.23961191133143353,0.6989779719539607,1200,0.657196763065924,-39.4,176.1
g-39p4_176p2,0.13166984887709177,0.6287766789722566,1200,0.7905936188786331,-39.4,176.2
g-39p4_176p3,0.23510793592937873,0.728649216381212,1200,0.6773372829562259,-39.4,176.3
g-39p4_176p4,0.3638133863994867,0.7907175763013462,1200,0.5398946510064224,-39.4,176.4
g-39p4_176p5,0.18395100320544172,0.709790375836504,1200,0.7408375635008416,-39.4,176.5
g-39p4_176p6,0.26798897664446997,0.6983028787499727,1178,0.6162281657435019,-39.4,176.6
g-39p4_176p7,0.41948002860315997,0.7997992415803795,1200,0.47551834661123216,-39.4,176.7
g-39p4_176p8,0.1802670379337012,0.6572876776118453,1200,0.7257410353581037,-39.4,176.8
g-39p5_173p9,0.5486421105757014,1.025296506769955,1200,0.4648941969927146,-39.5,173.9
g-39p5_174p0,0.6193084780032085,1.0541186255433908,1200,0.4124869222532147,-39.5,174.0
g-39p5_174p1,0.28207050869811084,0.7991486063770329,1200,0.647036225243654,-39.5,174.1
g-39p5_174p2,0.33392931809376974,0.841565585398736,1200,0.6032046415781687,-39.5,174.2
g-39p5_174p3,0.42544860963720166,0.9866501865924026,1200,0.5687948825038233,-39.5,174.3
g-39p5_174p4,0.3901411131846848,0.8466637935008233,1200,0.539201845904486,-39.5,174.4
g-39p5_174p5,0.29630356731684043,0.8529462928728511,1200,0.6526116945548288,-39.5,174.5
g-39p5_174p6,0.24818128700971612,0.7986245452084889,1200,0.6892390942668486,-39.5,174.6
g-39p5_174p7,0.2778802271562977,0.7568045533495024,1200,0.6328243191370323,-39.5,174.7
g-39p5_174p8,0.3598221973629157,0.8223293406935409,1200,0.5624354141864295,-39.5,174.8
g-39p5_174p9,0.3673591853445013,0.7850610227316243,1190,0.5320628910269001,-39.5,174.9
g-39p5_175p0,0.26485074387675456,0.7616562750594069,1200,0.6522699903495222,-39.5,175.0
g-39p5_175p1,0.22475536346478245,0.6737657823460177,1200,0.6664191483838852,-39.5,175.1
g-39p5_175p2,0.23667579066091776,0.7630028840852902,1200,0.6898100969242711,-39.5,175.2
g-39p5_175p3,0.16534783400760225,0.6680045546032488,1200,0.7524749900757666,-39.5,175.3
g-39p5_175p4,0.3969134947685504,0.7989383540271471,1200,0.5031988478612159,-39.5,175.4
g-39p5_175p5,0.36996630211206055,0.8034404678052912,1200,0.5395224451132332,-39.5,175.5
g-39p5_175p6,0.32227162279078914,0.6810826839786023,1200,0.526824524581638,-39.5,175.6
g-39p5_175p7,0.2034845834345924,0.6519863755581901,1200,0.68790055887229,-39.5,175.7
g-39p5_175p8,0.3843935081931115,0.7931918939761817,1200,0.5153839681010983,-39.5,175.8
g-39p5_175p9,0.1193751813802661,0.64772166473791,1200,0.815699878699334,-39.5,175.9
g-39p5_176p0,0.40858499469520493,0.8071399782598019,1200,0.4937866966073018,-39.5,176.0
g-39p5_176p1,0.3108164848475756,0.8068462675763294,1200,0.6147760765117851,-39.5,176.1
g-39p5_176p2,0.25077420549821644,0.7411804698190342,1200,0.6616556753587353,-39.5,176.2
g-39p5_176p3,0.13463511622034863,0.6907859215776746,1200,0.8050986390793001,-39.5,176.3
g-39p5_176p4,0.26372016051857033,0.758368415456886,1200,0.6522532384742188,-39.5,176.4
g-39p5_176p5,0.39451575420409496,0.8187204851756452,1196,0.5181313264447548,-39.5,176.5
g-39p5_176p6,0.1627463415887297,0.6215160834106306,1200,0.7381462106408523,-39.5,176.6
g-39p5_176p7,0.39776657785361597,0.7749720051093028,1200,0.48673426235891626,-39.5,176.7
g-39p5_176p8,0.3272808979040271,0.7347424957109615,1200,0.5545638100225316,-39.5,176.8
g-39p5_176p9,0.39141979375774444,0.8008315375695626,1200,0.5112332926527078,-39.5,176.9
g-39p6_174p4,0.3302177471732343,0.8593416841576497,1200,0.6157317243409147,-39.6,174.4
g-39p6_174p5,0.3302581140566744,0.7557669186405838,1200,0.5630159167978435,-39.6,174.5
g-39p6_174p6,0.3273907157053048,0.8085517429622511,1200,0.5950899635614418,-39.6,174.6
g-39p6_174p7,0.36113149357175034,0.8154634145833551,1200,0.5571456829166722,-39.6,174.7
g-39p6_174p8,0.40903027600900754,0.8729935944530492,1200,0.5314624544693544,-39.6,174.8
g-39p6_174p9,0.47986527384737715,0.8372873531390602,1200,0.42688101994097705,-39.6,174.9
g-39p6_175p0,0.33928831961282485,0.7793679772224277,1200,0.5646622269213485,-39.6,175.0
g-39p6_175p1,0.31831983366323635,0.7296713122384002,1200,0.5637490081846139,-39.6,175.1
g-39p6_175p2,0.22569543793410754,0.6797710531189417,1200,0.6679831585964622,-39.6,175.2
g-39p6_175p3,0.3034806692059076,0.7462122272063667,1200,0.5933051508120366,-39.6,175.3
g-39p6_175p4,0.2525181418506575,0.7613596305033813,1200,0.6683326358087802,-39.6,175.4
g-39p6_175p5,0.13323067060387042,0.6599259360848616,1200,0.7981126921692346,-39.6,175.5
g-39p6_175p6,0.32997741590179885,0.7444568267185241,1200,0.5567541272254839,-39.6,175.6
g-39p6_175p7,0.3968019205763882,0.8345683717696617,1200,0.5245423454821454,-39.6,175.7
g-39p6_175p8,0.272535978722373,0.7104283763126781,1200,0.6163779660140957,-39.6,175.8
g-39p6_175p9,0.1687012708348218,0.6970612266613171,1200,0.757982133588404,-39.6,175.9
g-39p6_176p0,0.20094809931349125,0.6813816071674228,1200,0.7050872855977808,-39.6,176.0
g-39p6_176p1,0.4599037638261819,0.8153018222159396,1200,0.43590980506312116,-39.6,176.1
g-39p6_176p2,0.21784002147714593,0.6379994371595482,1200,0.6585576588484209,-39.6,176.2
g-39p6_176p3,0.3282968766156922,0.707216831233042,1200,0.5357903515343347,-39.6,176.3
g-39p6_176p4,0.2923516291137703,0.6474917515056828,1200,0.5484859406564897,-39.6,176.4
g-39p6_176p5,0.3307853113389437,0.7754648828987653,1200,0.5734361173101288,-39.6,176.5
g-39p6_176p6,0.29202833863579003,0.7514291439233726,1184,0.6113694271810546,-39.6,176.6
g-39p6_176p7,0.3764778686508065,0.8215258677039916,1200,0.5417333970225545,-39.6,176.7
g-39p6_176p8,0.31103522386748966,0.6307278900345167,1200,0.5068630565068746,-39.6,176.8
g-39p6_176p9,0.48051584445441836,0.7479335885525992,1200,0.35754209757538435,-39.6,176.9
g-39p7_174p5,0.5133611231794243,0.8087227640720084,1200,0.36521989242074215,-39.7,174.5
g-39p7_174p6,0.32255918044206405,0.7364357705445339,1200,0.5619995750565484,-39.7,174.6
g-39p7_174p7,0.3301130675426092,0.7857502975004415,1200,0.5798753515044979,-39.7,174.7
g-39p7_174p8,0.4412173694594332,0.8598189471072207,1200,0.4868485150927795,-39.7,174.8
g-39p7_174p9,0.21712988257661725,0.6888781865950053,1200,0.6848065640605501,-39.7,174.9
g-39p7_175p0,0.3153472828646141,0.7615982825914398,1200,0.5859401339619584,-39.7,175.0
g-39p7_175p1,0.20790349310185668,0.7001018271083013,1200,0.703038208083843,-39.7,175.1
g-39p7_175p2,0.20232487926110218,0.6850829223279531,1200,0.7046709636643838,-39.7,175.2
g-39p7_175p3,0.28279711747627,0.6918575875073051,1200,0.5912495250718284,-39.7,175.3
g-39p7_175p4,0.2621835462843302,0.7391069124375159,1200,0.6452697953809284,-39.7,175.4
g-39p7_175p5,0.392442237751381,0.8274909683580821,1200,0.5257443854280732,-39.7,175.5
g-39p7_175p6,0.3319346437391335,0.7815722597778464,1200,0.5752988420629432,-39.7,175.6
g-39p7_175p7,0.22246798639072982,0.6899536276375875,1200,0.6775609584770735,-39.7,175.7
g-39p7_175p8,0.2420662426078333,0.7285856061335653,1200,0.6677586812448537,-39.7,175.8
g-39p7_175p9,0.22043861978466325,0.6956155123592664,1200,0.6831027832645389,-39.7,175.9
g-39p7_176p0,0.325514978799366,0.6847634320380166,1200,0.5246314806406104,-39.7,176.0
g-39p7_176p1,0.18924605743177828,0.6206022924914335,1200,0.6950606536240107,-39.7,176.1
g-39p7_176p2,0.3198190016559528,0.6135320296976715,1200,0.47872484862192266,-39.7,176.2
g-39p7_176p3,0.41992280357933764,0.7417525944874311,1200,0.43387753989655486,-39.7,176.3
g-39p7_176p4,0.2697422429954519,0.6825599572279801,1200,0.6048079877247239,-39.7,176.4
g-39p7_176p5,0.21358199661139893,0.6688083549526831,1200,0.6806529179401333,-39.7,176.5
g-39p7_176p6,0.2563310240632939,0.6846986753757422,1200,0.6256294436050617,-39.7,176.6
g-39p7_176p7,0.23121443717422158,0.6706258686957881,1200,0.6552258897738614,-39.7,176.7
g-39p7_176p8,0.3113229027034725,0.7137955557042733,1200,0.5638486395501542,-39.7,176.8
g-39p7_176p9,0.2447100837851858,0.7064438151040425,1200,0.6536029071906507,-39.7,176.9
g-39p7_177p0,0.2574981843286166,0.6375772694437788,1182,0.5961302313157156,-39.7,177.0
g-39p8_174p6,0.2540971127733457,0.670054694476227,1200,0.6207815348984755,-39.8,174.6
g-39p8_174p7,0.36450426868668656,0.8038772857092655,1181,0.5465672744253716,-39.8,174.7
g-39p8_174p8,0.37126041572746765,0.7929738011583686,1200,0.5318125073172228,-39.8,174.8
g-39p8_174p9,0.24740162457660528,0.6921548355665679,1200,0.642563178260406,-39.8,174.9
g-39p8_175p0,0.4327973264501594,0.8361635935058196,1200,0.48240113560128683,-39.8,175.0
g-39p8_175p1,0.2446183138433944,0.6951326444682976,1200,0.6480983654126884,-39.8,175.1
g-39p8_175p2,0.21954032611395533,0.7130319728453954,1200,0.6921031111159477,-39.8,175.2
g-39p8_175p3,0.39000101475919285,0.7872439561240996,1200,0.5045995441116935,-39.8,175.3
g-39p8_175p4,0.26264123178340393,0.7099999644545217,1200,0.6300827536164939,-39.8,175.4
g-39p8_175p5,0.1815151196998872,0.6998322167868416,1200,0.7406305177928469,-39.8,175.5
g-39p8_175p6,0.22819672799202398,0.69927855661915,1200,0.6736683459946171,-39.8,175.6
g-39p8_175p7,0.22631641518565437,0.7263100799110976,1199,0.6884024861484008,-39.8,175.7
g-39p8_175p8,0.2869097264536815,0.7656825311652695,1200,0.625288922267768,-39.8,175.8
g-39p8_175p9,0.2992049756426137,0.6860645429138095,1200,0.5638821759074599,-39.8,175.9
g-39p8_176p0,0.36627686528514264,0.7621060722693801,1200,0.5193886013866118,-39.8,176.0
g-39p8_176p1,0.30041334627186833,0.6530675897017743,1200,0.5399965470510438,-39.8,176.1
g-39p8_176p2,0.3432225344571292,0.662026809801658,1200,0.4815579529778288,-39.8,176.2
g-39p8_176p3,0.2065580481432498,0.5710089977554933,1189,0.6382578051218413,-39.8,176.3
g-39p8_176p4,0.2992460315460417,0.6758991472128157,1200,0.5572623034367876,-39.8,176.4
g-39p8_176p5,0.22856439045957236,0.7057282384904101,1200,0.6761297366412833,-39.8,176.5
g-39p8_176p6,0.1813157218658294,0.6614058773095409,1200,0.7258631528897455,-39.8,176.6
g-39p8_176p7,0.19076707926288475,0.6934566814421105,1190,0.7249041153282046,-39.8,176.7
g-39p8_176p8,0.29588266790164264,0.7056527250104895,1200,0.5806964850915237,-39.8,176.8
g-39p8_176p9,0.3791938186597157,0.6849358658197646,1200,0.4463805480446289,-39.8,176.9
g-39p8_177p0,0.28166997305676883,0.6391649430144242,1196,0.5593156725267826,-39.8,177.0
g-39p9_175p0,0.35850002208687326,0.7117670761918028,1200,0.4963239603537565,-39.9,175.0
g-39p9_175p1,0.2717713957534816,0.7297824259242043,1200,0.6275994240210603,-39.9,175.1
g-39p9_175p2,0.2830954013346758,0.6781897112230459,1200,0.5825719608394794,-39.9,175.2
g-39p9_175p3,0.39674213882622245,0.8154739744444386,1182,0.5134827704384892,-39.9,175.3
g-39p9_175p4,0.32613266715429745,0.7477084967773407,1200,0.5638237781703099,-39.9,175.4
g-39p9_175p5,0.5536457010114645,0.8470274356022717,1181,0.34636627133830744,-39.9,175.5
g-39p9_175p6,0.41911441698916047,0.8106811441481113,1200,0.48300954078612646,-39.9,175.6
g-39p9_175p7,0.22743807563473353,0.6378650661759699,1200,0.6434385770673489,-39.9,175.7
g-39p9_175p8,0.2825266082792942,0.7387576795710872,1200,0.617565250295164,-39.9,175.8
g-39p9_175p9,0.3122185566841616,0.6911341492195303,1200,0.5482518740584048,-39.9,175.9
g-39p9_176p0,0.20123448811208267,0.6409649235770727,1200,0.6860444609214481,-39.9,176.0
g-39p9_176p1,0.2716313162533993,0.6391140993718765,1197,0.5749877580226137,-39.9,176.1
g-39p9_176p2,0.2927195835796008,0.6694798708629484,1200,0.5627656688134772,-39.9,176.2
g-39p9_176p3,0.27460668083837064,0.6567138732752452,1200,0.5818472975623037,-39.9,176.3
g-39p9_176p4,0.27088714767925465,0.6287876852314865,1179,0.5691913915592538,-39.9,176.4
g-39p9_176p5,0.17433789249549544,0.5745232445249955,1200,0.696552064417107,-39.9,176.5
g-39p9_176p6,0.2702745251004906,0.6556073452097674,1200,0.5877493943970169,-39.9,176.6
g-39p9_176p7,0.2691957618970383,0.7043228128381694,1200,0.617794913084988,-39.9,176.7
g-39p9_176p8,0.19405926372451754,0.5802490822986389,1200,0.6655586891137204,-39.9,176.8
g-39p9_176p9,0.30959975452883026,0.6535494924895465,1200,0.5262795578809476,-39.9,176.9
g-40p0_175p1,0.33069277973619104,0.7380261688958853,1200,0.5519226909922181,-40.0,175.1
g-40p0_175p2,0.19517993592340876,0.6577977740516265,1200,0.703282766189339,-40.0,175.2
g-40p0_175p3,0.2084730057030969,0.626693209426788,1200,0.6673443998319702,-40.0,175.3
g-40p0_175p4,0.3831460038023405,0.7287106144226466,1200,0.4742137740014877,-40.0,175.4
g-40p0_175p5,0.2767734636117452,0.742136283245248,1200,0.627058439453388,-40.0,175.5
g-40p0_175p6,0.36071442078778,0.77221979450124,1200,0.5328863319014535,-40.0,175.6
g-40p0_175p7,0.32619916924032344,0.6851088618797561,1200,0.5238725005755729,-40.0,175.7
g-40p0_175p8,0.40709345381195805,0.8386181954589362,1200,0.5145663950337078,-40.0,175.8
g-40p0_175p9,0.4000401592934756,0.8088922503242351,1196,0.5054469131913131,-40.0,175.9
g-40p0_176p0,0.353927289570362,0.7125426983072732,1200,0.503289711043062,-40.0,176.0
g-40p0_176p1,0.20709884622040814,0.6028952190838754,1200,0.6564928039484149,-40.0,176.1
g-40p0_176p2,0.36626330406697344,0.7073020418205609,1200,0.48216846211241016,-40.0,176.2
g-40p0_176p3,0.2906545811336399,0.6732213311518233,1200,0.5682629654108625,-40.0,176.3
g-40p0_176p4,0.1944498537421122,0.643280768704911,1200,0.6977216431736494,-40.0,176.4
g-40p0_176p5,0.10923746961990924,0.5704802151101952,1200,0.8085166378665583,-40.0,176.5
g-40p0_176p6,0.28813470360442994,0.6905346034575874,1200,0.5827367634269075,-40.0,176.6
g-40p0_176p7,0.2643029881014548,0.6833639641385525,1200,0.6132324764378896,-40.0,176.7
g-40p0_176p8,0.3383691229092282,0.666249194452539,1200,0.4921282821403362,-40.0,176.8
g-40p0_176p9,0.31219347145554566,0.7542702708486467,1200,0.5860986657948355,-40.0,176.9
g-40p1_175p2,0.2586351292505713,0.6976725993181269,1200,0.6292886813910287,-40.1,175.2
g-40p1_175p3,0.2755608063382879,0.7096641497903814,1200,0.6117025124917438,-40.1,175.3
g-40p1_175p4,0.42479389619904107,0.7589946526140735,1176,0.44032030431835434,-40.1,175.4
g-40p1_175p5,0.32316592308317355,0.7518825955859696,1200,0.5701909779793233,-40.1,175.5
g-40p1_175p6,0.1938417869486942,0.7092961141094566,1200,0.726712464522566,-40.1,175.6
g-40p1_175p7,0.28840969070366107,0.7211734548180053,1200,0.6000827695794158,-40.1,175.7
g-40p1_175p8,0.17447672814362852,0.6765864240921413,1200,0.7421220380267823,-40.1,175.8
g-40p1_175p9,0.35446193600666537,0.6975197695412984,1200,0.4918252478495828,-40.1,175.9
g-40p1_176p0,0.3765887398068504,0.7434744863165542,1200,0.493474562022149,-40.1,176.0
g-40p1_176p1,0.39235860479203843,0.8169054549715171,1200,0.5197013284655827,-40.1,176.1
g-40p1_176p2,0.2589667198676397,0.674047487610951,1200,0.615803449122696,-40.1,176.2
g-40p1_176p3,0.1696607616350344,0.6214049534437557,1200,0.7269723057487815,-40.1,176.3
g-40p1_176p4,0.2666553985986104,0.6833167124989753,1200,0.6097630956172313,-40.1,176.4
g-40p1_176p5,0.2977462232830682,0.7283472498428697,1200,0.5912029277967308,-40.1,176.5
g-40p1_176p6,0.24124854062369733,0.6541691722302903,1189,0.631213834486885,-40.1,176.6
g-40p1_176p7,0.2384756941103807,0.6660055848599101,1200,0.6419313898688365,-40.1,176.7
g-40p1_176p8,0.14331770892968962,0.53454387859907,1200,0.7318878493094039,-40.1,176.8
g-40p1_176p9,0.17681588066009865,0.5323125733900815,1200,0.6678344839122803,-40.1,176.9
g-40p2_175p2,0.35846340722106335,0.7074123125569894,1200,0.49327513692068314,-40.2,175.2
g-40p2_175p3,0.2541717905394236,0.6731979971530421,1196,0.6224412555974357,-40.2,175.3
g-40p2_175p4,0.32742508850358376,0.6810584020412838,1200,0.5192408058953273,-40.2,175.4
g-40p2_175p5,0.453717467293391,0.7964700002393996,1200,0.43033953927076407,-40.2,175.5
g-40p2_175p6,0.13573917249769424,0.61231102979727,1181,0.7783166301240138,-40.2,175.6
g-40p2_175p7,0.2497443924484521,0.6311920404791211,1200,0.6043289895435346,-40.2,175.7
g-40p2_175p8,0.18887180294421,0.6249175876549755,1200,0.697765262691745,-40.2,175.8
g-40p2_175p9,0.27687621775854254,0.7057621740161751,1200,0.607691899690565,-40.2,175.9
g-40p2_176p0,0.1841468629595609,0.6328996996643642,1200,0.7090425812222432,-40.2,176.0
g-40p2_176p1,0.33546017636139364,0.6882687378978786,1164,0.5126029152712043,-40.2,176.1
g-40p2_176p2,0.21689176731546747,0.6626151894669359,1200,0.672673112896863,-40.2,176.2
g-40p2_176p3,0.3161360696363397,0.7106049810318897,1200,0.5551170086406241,-40.2,176.3
g-40p2_176p4,0.19924551535197824,0.6628504277688141,1200,0.699411048096253,-40.2,176.4
g-40p2_176p5,0.39644440516660157,0.7557000778305034,1200,0.47539451589745585,-40.2,176.5
g-40p2_176p6,0.2744952785024742,0.6561129276423404,1200,0.5816340953853194,-40.2,176.6
g-40p2_176p7,0.4220711322459594,0.7035174168879166,1200,0.40005588758124067,-40.2,176.7
g-40p3_175p3,0.39469173935471724,0.7630779098936668,1200,0.48276351046550847,-40.3,175.3
g-40p3_175p4,0.15697168806128783,0.6706595793816571,1200,0.7659443137962564,-40.3,175.4
g-40p3_175p5,0.3361688502015364,0.7600612999374667,1200,0.5577082398101385,-40.3,175.5
g-40p3_175p6,0.2691817927759009,0.6698305827720712,1200,0.5981345138618468,-40.3,175.6
g-40p3_175p7,0.26755274609139396,0.7103616002822916,1200,0.6233569692040353,-40.3,175.7
g-40p3_175p8,0.39367838167595,0.6894743318126226,1200,0.4290166239532477,-40.3,175.8
g-40p3_175p9,0.2845933730982778,0.6568124761028836,1200,0.5667052873494764,-40.3,175.9
g-40p3_176p0,0.21523619957811255,0.6751601625792683,1200,0.6812071986654835,-40.3,176.0
g-40p3_176p1,0.25419333405531797,0.6067552419488008,1200,0.5810611652255535,-40.3,176.1
g-40p3_176p2,0.19987020424434307,0.6489963243265325,1200,0.6920318393917722,-40.3,176.2
g-40p3_176p3,0.28650219266234067,0.6598873018178468,1200,0.5658316323513286,-40.3,176.3
g-40p3_176p4,0.37857859482426753,0.7148489121440798,1200,0.470407538722023,-40.3,176.4
g-40p3_176p5,0.20384317924887582,0.6607152753135019,1191,0.6914810556602395,-40.3,176.5
g-40p3_176p6,0.31724247862969546,0.6772322160331532,1200,0.5315602667458378,-40.3,176.6
g-40p4_175p3,0.20742579389192448,0.6505752028261,1200,0.6811655393705964,-40.4,175.3
g-40p4_175p4,0.25131702057891886,0.6772138603047158,1200,0.6288956335509177,-40.4,175.4
g-40p4_175p5,0.25098935387561483,0.6453948948470255,1200,0.6111073144836302,-40.4,175.5
g-40p4_175p6,0.25310981672314653,0.7165685009071603,1200,0.6467751284033348,-40.4,175.6
g-40p4_175p7,0.300015714835964,0.7109237307729199,1200,0.5779917003054809,-40.4,175.7
g-40p4_175p8,0.2276417328281713,0.6635583814497417,1200,0.6569378984697325,-40.4,175.8
g-40p4_175p9,0.28716983959139825,0.7253714812686667,1200,0.604106520580129,-40.4,175.9
g-40p4_176p0,0.369595250519191,0.7522354047372937,1200,0.5086707589251714,-40.4,176.0
g-40p4_176p1,0.25343723713994415,0.6892494387195135,1200,0.6322996829554487,-40.4,176.1
g-40p4_176p2,0.337641675067331,0.6807887995320683,1200,0.5040434341760546,-40.4,176.2
g-40p4_176p3,0.27399637143889083,0.6638062469661236,1200,0.5872344186407245,-40.4,176.3
g-40p4_176p4,0.34170646974921387,0.7364545249054208,1200,0.5360114464730901,-40.4,176.4
g-40p4_176p5,0.2453415635162685,0.6037036935977531,1183,0.5936059922804792,-40.4,176.5
g-40p4_176p6,0.2313324425381165,0.6146008142751331,1200,0.6236053757739444,-40.4,176.6
g-40p5_172p6,0.2925903082197829,0.7443733207695186,1200,0.6069306891368584,-40.5,172.6
g-40p5_175p3,0.29207299461382624,0.6821253167046234,1200,0.5718191548367632,-40.5,175.3
g-40p5_175p4,0.388704165501186,0.7392986679309979,1200,0.4742258002587588,-40.5,175.4
g-40p5_175p5,0.3643912089584553,0.7303437976011385,1200,0.5010689347190709,-40.5,175.5
g-40p5_175p6,0.35679040756014274,0.7636127267188082,1200,0.5327600037610075,-40.5,175.6
g-40p5_175p7,0.2031486020479516,0.6230335616040975,1200,0.6739363421692506,-40.5,175.7
g-40p5_175p8,0.3310226882495501,0.7115158382616937,1200,0.5347641325057886,-40.5,175.8
g-40p5_175p9,0.3898318028985973,0.6927237778482959,1200,0.43724783908894616,-40.5,175.9
g-40p5_176p0,0.27198204777863744,0.6781932760200774,1200,0.5989608605754069,-40.5,176.0
g-40p5_176p1,0.40980307525402476,0.7532503672394281,1200,0.455953700021543,-40.5,176.1
g-40p5_176p2,0.4608658817672763,0.7235328106494033,1192,0.363033887359402,-40.5,176.2
g-40p5_176p3,0.3974785781503257,0.7592802922955404,1200,0.4765061306298042,-40.5,176.3
g-40p5_176p4,0.2036867974989597,0.645291112549603,1200,0.6843489805799821,-40.5,176.4
g-40p5_176p6,0.237027537554615,0.6273718640332421,1200,0.6221897232833894,-40.5,176.6
g-40p6_172p6,0.35186551774657887,0.7984695070811237,1200,0.5593250404353517,-40.6,172.6
g-40p6_175p3,0.14254076787342423,0.5749244068656116,1200,0.7520704180041132,-40.6,175.3
g-40p6_175p4,0.18903860441315834,0.5926374254293121,1191,0.681021487503566,-40.6,175.4
g-40p6_175p5,0.2541085083642641,0.6281322776417558,1200,0.5954538281040377,-40.6,175.5
g-40p6_175p6,0.22346929997253875,0.6302787506502743,1200,0.6454437028981543,-40.6,175.6
g-40p6_175p7,0.368365447979924,0.6523449937372652,1195,0.43532110843747074,-40.6,175.7
g-40p6_175p8,0.2594348886902561,0.6220917142368854,1200,0.5829636004580085,-40.6,175.8
g-40p6_175p9,0.20850189629039217,0.5611761555106689,1200,0.6284555317560563,-40.6,175.9
g-40p6_176p0,0.30532108264200863,0.6546134413334528,1179,0.5335856807033061,-40.6,176.0
g-40p6_176p1,0.55818900119272,0.8143213600867117,1200,0.3145347419926673,-40.6,176.1
g-40p6_176p2,0.2414017041923194,0.656131890170897,1200,0.6320835676353979,-40.6,176.2
g-40p6_176p3,0.4061081538668411,0.7898228490989034,1200,0.48582374600815414,-40.6,176.3
g-40p6_176p4,0.2392592444688015,0.6434939104380707,1200,0.6281872437519709,-40.6,176.4
g-40p6_176p5,0.20235337004014003,0.5888131776095058,1200,0.6563368862401064,-40.6,176.5
g-40p7_172p3,0.5027789843214763,0.8838207566334556,1200,0.4311301465281242,-40.7,172.3
g-40p7_172p5,0.3429315553739931,0.8988019682963689,1200,0.6184570489715309,-40.7,172.5
g-40p7_172p6,0.460580738106851,0.9109338317050909,1200,0.49438617594789136,-40.7,172.6
g-40p7_175p1,0.22716416214738402,0.6172659059427679,1200,0.6319832993198778,-40.7,175.1
g-40p7_175p2,0.26130929049271084,0.6244209096767008,1200,0.581517392446057,-40.7,175.2
g-40p7_175p3,0.34787092759264143,0.6837682391439254,1200,0.4912443900170411,-40.7,175.3
g-40p7_175p4,0.332694745698017,0.6951368193204204,1200,0.5213967431285456,-40.7,175.4
g-40p7_175p5,0.39269903804392775,0.6919299512263387,1200,0.4324583906970214,-40.7,175.5
g-40p7_175p6,0.35557464867117633,0.7056475163452948,1200,0.49610160818991267,-40.7,175.6
g-40p7_175p7,0.32153197354770546,0.6897442509181093,1184,0.5338388495160075,-40.7,175.7
g-40p7_175p8,0.3572430764532638,0.729850128502585,1200,0.510525431863374,-40.7,175.8
g-40p7_175p9,0.2340944892139915,0.6260023677690576,1200,0.626048556256655,-40.7,175.9
g-40p7_176p0,0.3333180278108399,0.7017634220421314,1200,0.5250279263047303,-40.7,176.0
g-40p7_176p1,0.21909511054587544,0.5842392106431847,1200,0.6249907459913976,-40.7,176.1
g-40p7_176p2,0.25752333454180526,0.5920437452134987,1200,0.5650265092338084,-40.7,176.2
g-40p7_176p3,0.2893004532761205,0.6225286043807864,1200,0.5352816702071379,-40.7,176.3
g-40p8_172p2,0.3681751672536093,0.8628709195553623,1177,0.5733137379999663,-40.8,172.2
g-40p8_172p3,0.8353357960581304,1.110889638500909,1200,0.2480479004328684,-40.8,172.3
g-40p8_172p4,0.5651033791556946,1.0461751688349372,1200,0.4598386618323044,-40.8,172.4
g-40p8_172p5,0.3988906822653448,0.878671406825732,1183,0.5460297454012211,-40.8,172.5
g-40p8_172p6,0.4129758864712757,0.8876869403003079,1198,0.5347730514864122,-40.8,172.6
g-40p8_172p7,0.33688481312613744,0.869048305299754,1200,0.6123520279923469,-40.8,172.7
g-40p8_172p9,0.2073446293411151,0.7811660436556364,1200,0.7345703502794351,-40.8,172.9
g-40p8_173p0,0.24524835734233486,0.7435804933216423,1200,0.6701791405974249,-40.8,173.0
g-40p8_173p8,0.3266156770125851,0.5431674349044139,1200,0.39868324935558286,-40.8,173.8
g-40p8_173p9,0.2938351238586225,0.47966498078467945,1200,0.38741593480945735,-40.8,173.9
g-40p8_175p1,0.44566559078765855,0.7344989665659766,1200,0.39323864147652754,-40.8,175.1
g-40p8_175p2,0.34937769857560314,0.671011281167157,1200,0.47932663968347067,-40.8,175.2
g-40p8_175p3,0.3713592700502774,0.6812917280259232,1200,0.454918862546138,-40.8,175.3
g-40p8_175p4,0.22615097532115844,0.6031880914963161,1200,0.6250738724629818,-40.8,175.4
g-40p8_175p5,0.28917926971218694,0.6644594156032426,1179,0.5647901693895785,-40.8,175.5
g-40p8_175p6,0.1894830117348596,0.6317690399894491,1200,0.7000755026899956,-40.8,175.6
g-40p8_175p7,0.30237186788998854,0.6866974547520901,1200,0.5596723625557195,-40.8,175.7
g-40p8_175p8,0.24935825888957036,0.6257201097098489,1200,0.6014859439227555,-40.8,175.8
g-40p8_175p9,0.30026977251789244,0.6615478275610766,1186,0.5461102583846511,-40.8,175.9
g-40p8_176p0,0.3763313953578801,0.6647218723486488,1200,0.43385134292603345,-40.8,176.0
g-40p8_176p1,0.44926314963257286,0.765418927987727,1200,0.41304933389395293,-40.8,176.1
g-40p8_176p2,0.19662692845177787,0.5565983901995545,1200,0.646734644019933,-40.8,176.2
g-40p9_172p2,0.43554516228720125,0.9306600852791841,1200,0.5320040375895736,-40.9,172.2
g-40p9_172p3,0.5373931344543629,0.9932059303609033,1200,0.45893080374672224,-40.9,172.3
g-40p9_172p4,0.24643791853879454,0.826223627605165,1200,0.7017297614047875,-40.9,172.4
g-40p9_172p5,0.5030261909815782,0.938007067356569,1200,0.46372878362294845,-40.9,172.5
g-40p9_172p6,0.6501668241977469,1.083125059674494,1200,0.3997306050760766,-40.9,172.6
g-40p9_172p7,0.496206212967448,0.8897956590742494,1200,0.4423368917266859,-40.9,172.7
g-40p9_172p8,0.4729261414591766,0.9428794788491601,1200,0.49842355033921115,-40.9,172.8
g-40p9_172p9,0.3530829953178308,0.8228727571681763,1200,0.5709142242927983,-40.9,172.9
g-40p9_173p0,0.3250402120335127,0.7856759500612195,1200,0.5862922722679933,-40.9,173.0
g-40p9_173p9,0.3054468625378126,0.6397817702405155,1200,0.5225764835047038,-40.9,173.9
g-40p9_175p0,0.37544863451226984,0.6466951608471573,1200,0.4194349096095912,-40.9,175.0
g-40p9_175p1,0.1887682823130822,0.5675870884287482,1200,0.667419703228892,-40.9,175.1
g-40p9_175p2,0.390503943246593,0.6882430045027286,1200,0.4326074646719569,-40.9,175.2
g-40p9_175p3,0.24014622311987627,0.6205817971347259,1190,0.6130305074550206,-40.9,175.3
g-40p9_175p4,0.38835150803252605,0.710441827091078,1200,0.4533662106823846,-40.9,175.4
g-40p9_175p5,0.20057575872016667,0.5874488370679319,1200,0.6585647190634027,-40.9,175.5
g-40p9_175p6,0.44453866086937877,0.7478847604043161,1200,0.40560540285771374,-40.9,175.6
g-40p9_175p7,0.18707221593607937,0.635591653895633,1181,0.7056723215456233,-40.9,175.7
g-40p9_175p8,0.2755209581595629,0.6748365593748167,1200,0.5917219446219518,-40.9,175.8
g-40p9_175p9,0.3869403766605448,0.7296154955743501,1200,0.4696653524937172,-40.9,175.9
g-40p9_176p0,0.25842051766794194,0.6712090951266388,1200,0.6149925268530739,-40.9,176.0
g-40p9_176p1,0.2441173329285283,0.6479239787347615,1200,0.6232315195291425,-40.9,176.1
g-40p9_176p2,0.3118388411824736,0.6305870296557744,1200,0.5054785041286045,-40.9,176.2
g-41p0_172p1,0.4213578393441161,0.8383333840143556,1200,0.49738630552150276,-41.0,172.1
g-41p0_172p2,0.569701328401083,0.9960797154732669,1200,0.4280564903077049,-41.0,172.2
g-41p0_172p3,0.46297547860100363,0.8691092614241668,1185,0.467298878115338,-41.0,172.3
g-41p0_172p4,0.31226265097886863,0.8192479737785955,1200,0.6188423273863859,-41.0,172.4
g-41p0_172p5,0.4706416936441503,0.9232725295253719,1200,0.4902461856131539,-41.0,172.5
g-41p0_172p6,0.49839823861838445,0.8848419710931679,1200,0.4367375702096906,-41.0,172.6
g-41p0_172p7,0.3010299553019611,0.8271620818289618,1200,0.636068961676356,-41.0,172.7
g-41p0_172p8,0.5601389415857538,0.9604899292998016,1200,0.41681955791655634,-41.0,172.8
g-41p0_172p9,0.35540088916929835,0.8185090681708729,1200,0.5657948054704942,-41.0,172.9
g-41p0_174p1,0.19070843869327272,0.5859820486682777,1200,0.6745490085802406,-41.0,174.1
g-41p0_175p0,0.24931549692769114,0.5770961127057671,1200,0.5679827130376031,-41.0,175.0
g-41p0_175p1,0.31502014779585685,0.6559387548624849,1200,0.5197415224201845,-41.0,175.1
g-41p0_175p2,0.324714369922177,0.6485991921850169,1200,0.4993605082543022,-41.0,175.2
g-41p0_175p3,0.3604429877022633,0.6705372497004767,1200,0.4624564289854588,-41.0,175.3
g-41p0_175p4,0.37808416030080194,0.7293030170863495,1200,0.4815815217503251,-41.0,175.4
g-41p0_175p5,0.26325995434951177,0.6472359190834687,1200,0.5932550302178743,-41.0,175.5
g-41p0_175p6,0.3285843145996501,0.639441937438834,1179,0.48613893559166055,-41.0,175.6
g-41p0_175p7,0.38583010979210053,0.7275935773253189,1184,0.46971754312285574,-41.0,175.7
g-41p0_175p8,0.2974960936974492,0.6927692289991925,1200,0.570569705979542,-41.0,175.8
g-41p0_175p9,0.31183612376104763,0.6616032360758012,1200,0.5286659635907223,-41.0,175.9
g-41p0_176p0,0.23354775051285798,0.6712880497161919,1200,0.6520901115227694,-41.0,176.0
g-41p1_172p2,0.6280301363678276,1.0500842482676307,1197,0.4019240480905071,-41.1,172.2
g-41p1_172p3,0.40999664581204864,0.8753131687902733,1182,0.5316000484961462,-41.1,172.3
g-41p1_172p4,0.4144866646032201,0.9217635213009392,1200,0.5503329704149817,-41.1,172.4
g-41p1_172p5,0.5949350395616765,0.9454925416984284,1200,0.37076707290258537,-41.1,172.5
g-41p1_172p6,0.47689870768438314,0.8611699178318183,1200,0.4462199644814825,-41.1,172.6
g-41p1_172p7,0.5657761815981904,0.8885996198716263,1200,0.363294594161624,-41.1,172.7
g-41p1_172p8,0.5062940500377732,0.9309991434433808,1200,0.4561820452753578,-41.1,172.8
g-41p1_172p9,0.3822196435780949,0.8543948469869792,1200,0.5526428501693434,-41.1,172.9
g-41p1_173p0,0.37812925720525886,0.8420021960587701,1178,0.5509165427653278,-41.1,173.0
g-41p1_173p6,0.5099682037056341,0.7881007032624135,1200,0.35291492369620403,-41.1,173.6
g-41p1_173p7,0.31110949167990043,0.624535096785985,1200,0.5018542700307024,-41.1,173.7
g-41p1_173p8,0.3278174946621181,0.6437250310617189,1200,0.49074918817210367,-41.1,173.8
g-41p1_173p9,0.3037930534463768,0.653446075503404,1200,0.5350908593148413,-41.1,173.9
g-41p1_174p1,0.28817226295043546,0.5977353213525688,1200,0.5178932001235048,-41.1,174.1
g-41p1_174p2,0.14094807614172247,0.4700921752459059,1200,0.7001692783590956,-41.1,174.2
g-41p1_174p9,0.28001929616671706,0.5611739103728905,1200,0.5010115563272551,-41.1,174.9
g-41p1_175p0,0.2841233258428771,0.6018872064819498,1189,0.5279458962027336,-41.1,175.0
g-41p1_175p1,0.29014777590990776,0.662422445359019,1200,0.5619898179134709,-41.1,175.1
g-41p1_175p2,0.29242298229360053,0.6798640685761348,1200,0.5698802219301968,-41.1,175.2
g-41p1_175p3,0.12415610763297166,0.5666791878159468,1200,0.7809058276668233,-41.1,175.3
g-41p1_175p4,0.4236177116576605,0.7534903774534663,1200,0.43779280488048156,-41.1,175.4
g-41p1_175p5,0.3136902909313384,0.696265958938795,1181,0.5494677186151029,-41.1,175.5
g-41p1_175p6,0.2965236812689019,0.6917281989411761,1200,0.5713291987766456,-41.1,175.6
g-41p1_175p7,0.5615031043867202,0.8446286454036211,1200,0.3352071263005817,-41.1,175.7
g-41p1_175p8,0.2926656414618829,0.7047134759665157,1200,0.5847026466174902,-41.1,175.8
g-41p1_175p9,0.36663207369612727,0.7066427315492183,1200,0.4811634545616337,-41.1,175.9
g-41p1_176p0,0.17077118799280847,0.5923768608861913,1200,0.7117186722362248,-41.1,176.0
g-41p2_172p1,0.47665398730647895,0.9764545195084066,1200,0.511852341523854,-41.2,172.1
g-41p2_172p2,0.49320347382361585,0.9337876003313189,1200,0.4718247772313303,-41.2,172.2
g-41p2_172p3,0.4228897785962837,0.8737511089164763,1200,0.5160065901138575,-41.2,172.3
g-41p2_172p4,0.4065821331040117,0.8480962170334533,1200,0.520594332414085,-41.2,172.4
g-41p2_172p5,0.4375126537355815,0.9180836825383206,1200,0.5234501363471082,-41.2,172.5
g-41p2_172p6,0.4610317654922475,0.8929867188756665,1200,0.48371934795097604,-41.2,172.6
g-41p2_172p7,0.28995304852069154,0.81950449657316,1200,0.6461849206036585,-41.2,172.7
g-41p2_172p8,0.3346385423463028,0.8137028589751572,1200,0.588746016245078,-41.2,172.8
g-41p2_172p9,0.2896901922234679,0.7595605414593593,1200,0.6186081603622007,-41.2,172.9
g-41p2_173p0,0.35161177343451766,0.7956835431403791,1200,0.5581009856672576,-41.2,173.0
g-41p2_173p4,0.2549703696928163,0.7161578012102594,1200,0.6439745971321779,-41.2,173.4
g-41p2_173p5,0.21473639773153555,0.6873551911193256,1200,0.6875903455652275,-41.2,173.5
g-41p2_173p6,0.2746905641803008,0.7542550340558712,1200,0.6358120903705454,-41.2,173.6
g-41p2_173p7,0.35725173778989494,0.7894120503744732,1200,0.5474458014411795,-41.2,173.7
g-41p2_173p8,0.2129081023937828,0.6289570514560119,1199,0.6614902370505131,-41.2,173.8
g-41p2_173p9,0.18810438227994797,0.6038619847533604,1200,0.6884977245971582,-41.2,173.9
g-41p2_174p1,0.286369767069469,0.6134938792987619,1176,0.5332149566075599,-41.2,174.1
g-41p2_174p7,0.25611206621888133,0.5750489048225185,1200,0.5546255908479174,-41.2,174.7
g-41p2_174p8,0.27087965486843296,0.5623381587769836,1200,0.5182975747945633,-41.2,174.8
g-41p2_174p9,0.17432005284657615,0.5252870043289537,1200,0.668143221876834,-41.2,174.9
g-41p2_175p0,0.3097248526906372,0.6545378724019975,1200,0.5268037714089469,-41.2,175.0
g-41p2_175p1,0.2215194323799419,0.5680936473701149,1200,0.6100652886976903,-41.2,175.1
g-41p2_175p2,0.2658927446684977,0.6089722574125951,1192,0.5633746177564404,-41.2,175.2
g-41p2_175p3,0.5307178607271321,0.7347048974068214,1200,0.27764485768323033,-41.2,175.3
g-41p2_175p4,0.1326915489293099,0.5382333112321794,1200,0.7534683451205599,-41.2,175.4
g-41p2_175p5,0.18919426358970842,0.6120651424815878,1200,0.6908919484899441,-41.2,175.5
g-41p2_175p6,0.21116247167982996,0.6037510278883079,1200,0.6502490895652862,-41.2,175.6
g-41p2_175p7,0.22749001531097637,0.5861010406104227,1200,0.6118587077169388,-41.2,175.7
g-41p2_175p8,0.18947668547776908,0.523125908843552,1200,0.6377990799640653,-41.2,175.8
g-41p2_175p9,0.2606842781705692,0.5889236842452859,1200,0.5573547385776481,-41.2,175.9
g-41p3_172p1,0.464456595682122,0.9211030490665386,1200,0.4957604405361483,-41.3,172.1
g-41p3_172p2,0.3939426003201957,0.8346443824438999,1200,0.5280114398341689,-41.3,172.2
g-41p3_172p3,0.4798938273650645,0.9846935315181812,1200,0.5126465118287377,-41.3,172.3
g-41p3_172p4,0.4644973546404727,0.9075128975412546,1193,0.48816445926118956,-41.3,172.4
g-41p3_172p5,0.4057964281031015,0.834823396334735,1200,0.5139134457841772,-41.3,172.5
g-41p3_172p6,0.4807451670299438,0.9248666557266066,1200,0.48020056291006186,-41.3,172.6
g-41p3_172p7,0.4986446915784941,0.9304605555425709,1200,0.4640883070129458,-41.3,172.7
g-41p3_172p8,0.2418537394434221,0.7649102297518402,1200,0.6838142176214761,-41.3,172.8
g-41p3_172p9,0.2677001793900331,0.7482984842328976,1200,0.6422548153836496,-41.3,172.9
g-41p3_173p0,0.29058794755962664,0.7286567199338848,1200,0.6012004835610474,-41.3,173.0
g-41p3_173p1,0.2650231698475721,0.7624116026315217,1200,0.6523883307483458,-41.3,173.1
g-41p3_173p2,0.3110106064817138,0.7371140375408477,1181,0.5780698906246526,-41.3,173.2
g-41p3_173p3,0.30255566819761176,0.7491479024477303,1200,0.5961335976393236,-41.3,173.3
g-41p3_173p4,0.25828925836562927,0.6985534941901763,1200,0.6302512828096858,-41.3,173.4
g-41p3_173p5,0.2573557964958525,0.689937363890931,1200,0.6269867237737589,-41.3,173.5
g-41p3_173p6,0.33970606448472596,0.7519633835181594,1200,0.5482412150238399,-41.3,173.6
g-41p3_173p7,0.3188099836557837,0.6956668208818882,1200,0.5417202975820634,-41.3,173.7
g-41p3_173p8,0.5029671930210954,0.8172224134150846,1199,0.3845406283960696,-41.3,173.8
g-41p3_173p9,0.2062501083975092,0.61625710030552,1200,0.6653180818602216,-41.3,173.9
g-41p3_174p0,0.1271664251979501,0.5574432011631628,1200,0.7718755472618479,-41.3,174.0
g-41p3_174p1,0.2911869014586077,0.5782264936591188,1200,0.49641376752572186,-41.3,174.1
g-41p3_174p2,0.25558851789631226,0.5826237886397772,1183,0.5613146547053596,-41.3,174.2
g-41p3_174p7,0.3128788382654602,0.561993585076804,1200,0.44326973372356004,-41.3,174.7
g-41p3_174p9,0.2679462586679362,0.6033971577463672,1200,0.5559371547776413,-41.3,174.9
g-41p3_175p0,0.2149983354803735,0.5535648480545664,1191,0.6116112931737665,-41.3,175.0
g-41p3_175p1,0.3276360492406338,0.6517492188358058,1200,0.4972973656556471,-41.3,175.1
g-41p3_175p2,0.2750707346059766,0.6376822364842519,1200,0.5686398038582188,-41.3,175.2
g-41p3_175p3,0.3070019699096452,0.6421628067122995,1179,0.5219250216601418,-41.3,175.3
g-41p3_175p4,0.32398645857197633,0.6922137733890364,1200,0.5319560646911743,-41.3,175.4
g-41p3_175p5,0.3682082232664797,0.7261171656614169,1200,0.492907975903475,-41.3,175.5
g-41p3_175p6,0.43572016295542826,0.7417065468337387,1200,0.4125437279535036,-41.3,175.6
g-41p3_175p7,0.27644997600445664,0.6905797032918781,1200,0.5996841860734311,-41.3,175.7
g-41p3_175p8,0.30823540962018736,0.6720971569030856,1200,0.5413826610419155,-41.3,175.8
g-41p4_172p1,0.5711064108064675,0.9756431850449493,1200,0.41463598622876063,-41.4,172.1
g-41p4_172p2,0.4540816252189646,0.911280481315121,1181,0.5017103575359658,-41.4,172.2
g-41p4_172p3,0.4206632588518842,0.922764261070997,1186,0.5441270575827832,-41.4,172.3
g-41p4_172p4,0.40991862324188283,0.8770615871470605,1199,0.5326227607626942,-41.4,172.4
g-41p4_172p5,0.25209582852308654,0.8217203369752194,1200,0.6932097002113153,-41.4,172.5
g-41p4_172p6,0.4986240194936956,0.922926127545846,1200,0.4597357203229392,-41.4,172.6
g-41p4_172p7,0.31367681435197603,0.8462301023537293,1200,0.6293244432223504,-41.4,172.7
g-41p4_172p8,0.20302425955516695,0.7457910312945023,1200,0.7277732621659866,-41.4,172.8
g-41p4_172p9,0.2656953550511007,0.786404157585154,1200,0.6621389237475763,-41.4,172.9
g-41p4_173p0,0.45667986982399555,0.8780146170128137,1200,0.47987213313405375,-41.4,173.0
g-41p4_173p1,0.33112461756349115,0.7865576377909674,1198,0.5790205298960054,-41.4,173.1
g-41p4_173p2,0.3079292409803683,0.7657427661462376,1200,0.5978685603129008,-41.4,173.2
g-41p4_173p3,0.3659923384786488,0.786041595810093,1200,0.5343855332471843,-41.4,173.3
g-41p4_173p4,0.3010112027409065,0.7655606244752804,1200,0.6068094503329227,-41.4,173.4
g-41p4_173p5,0.5116843074077604,0.8543392956474175,1200,0.4010760010517759,-41.4,173.5
g-41p4_173p6,0.3208453113456007,0.7824360483481239,1200,0.5899405299347236,-41.4,173.6
g-41p4_173p7,0.13852801125309722,0.5624174513916175,1200,0.7536918335120462,-41.4,173.7
g-41p4_173p8,0.3391915192740624,0.7445226435999697,1200,0.5444174570245721,-41.4,173.8
g-41p4_173p9,0.2403016678125902,0.6953364088262121,1200,0.6544094847294992,-41.4,173.9
g-41p4_174p1,0.33116682364733435,0.6684281550813467,1200,0.5045588353365638,-41.4,174.1
g-41p4_175p0,0.3520602676820714,0.6521020761675512,1200,0.4601147879314328,-41.4,175.0
g-41p4_175p1,0.23360286332927022,0.5580515567151209,1200,0.5813955529407798,-41.4,175.1
g-41p4_175p2,0.2682003242290007,0.6291659804697459,1200,0.5737208740549548,-41.4,175.2
g-41p4_175p3,0.20197096967234268,0.5744976178649813,1200,0.6484389780014546,-41.4,175.3
g-41p4_175p4,0.3295582388882985,0.6797142663562642,1178,0.5151517995128199,-41.4,175.4
g-41p4_175p5,0.16468300140335462,0.559749771420223,1200,0.7057917487210164,-41.4,175.5
g-41p4_175p6,0.27225871254198014,0.563005395612369,1200,0.5164189994203339,-41.4,175.6
g-41p4_175p8,0.23073464395598828,0.4094950327603146,1200,0.4365386012116984,-41.4,175.8
g-41p5_171p9,0.3650916315876031,0.846328833460187,1200,0.5686172830778573,-41.5,171.9
g-41p5_172p0,0.3659635698650936,0.8187623309794193,1200,0.553028325781279,-41.5,172.0
g-41p5_172p1,0.38424393400837553,0.9164867232025912,1200,0.5807424981939017,-41.5,172.1
g-41p5_172p2,0.36436468398392213,0.8912309023163592,1200,0.5911669096786053,-41.5,172.2
g-41p5_172p3,0.4646944598913949,0.9067762546256806,1200,0.4875312873259767,-41.5,172.3
g-41p5_172p4,0.3426907071282313,0.84841996424521,1200,0.5960836359701844,-41.5,172.4
g-41p5_172p5,0.23308781315096289,0.7614974554581567,1200,0.6939086119326229,-41.5,172.5
g-41p5_172p6,0.44249038214545683,0.8809166994535674,1200,0.49769327517580997,-41.5,172.6
g-41p5_172p7,0.2875572308249706,0.7723554515652359,1200,0.627687963822597,-41.5,172.7
g-41p5_172p8,0.38793014658583347,0.8355972648365423,1200,0.5357450737207481,-41.5,172.8
g-41p5_172p9,0.17509583953596047,0.7072205381907578,1199,0.7524169193616772,-41.5,172.9
g-41p5_173p0,0.26375501867814416,0.7561657854790489,1200,0.65119419082014,-41.5,173.0
g-41p5_173p1,0.39435237709541937,0.8538612912828103,1200,0.5381540525124887,-41.5,173.1
g-41p5_173p2,0.3285261752589483,0.7820672843680665,1186,0.5799259452153056,-41.5,173.2
g-41p5_173p3,0.29042688626794677,0.737627185150167,1190,0.6062687328845922,-41.5,173.3
g-41p5_173p4,0.2976530657611717,0.6879331164294854,1200,0.5673226674912055,-41.5,173.4
g-41p5_173p5,0.5837659184765398,0.9008601109353069,1195,0.3519904906540351,-41.5,173.5
g-41p5_173p6,0.27104935644791944,0.6963611984842767,1200,0.6107632690651136,-41.5,173.6
g-41p5_173p7,0.19287509486866042,0.6794275213576232,1200,0.7161211625880861,-41.5,173.7
g-41p5_173p8,0.1815765896439125,0.6495210034493357,1200,0.7204453917892804,-41.5,173.8
g-41p5_173p9,0.24288490414642638,0.6499863280868158,1200,0.6263230568843822,-41.5,173.9
g-41p5_174p0,0.3255084694605678,0.7383116639389967,1200,0.5591178016558289,-41.5,174.0
g-41p5_175p3,0.24955716055280175,0.5912636890352222,1194,0.5779257796804509,-41.5,175.3
g-41p5_175p4,0.4302631022830916,0.6536829718466227,1200,0.34178627742494316,-41.5,175.4
g-41p5_175p5,0.2821143278861288,0.6021890335530042,1200,0.5315186558253766,-41.5,175.5
g-41p6_171p9,0.44286898841233724,0.902675898813953,1200,0.509382061718682,-41.6,171.9
g-41p6_172p0,0.2598755927911772,0.8046141991391778,1200,0.6770183858683988,-41.6,172.0
g-41p6_172p1,0.5042313324121733,0.9938722085362921,1200,0.4926597925956988,-41.6,172.1
g-41p6_172p2,0.5874260951659048,1.0427344785125217,1188,0.4366484399711439,-41.6,172.2
g-41p6_172p3,0.5877930856913453,1.0256658498337492,1200,0.42691561214929696,-41.6,172.3
g-41p6_172p4,0.23475723630715825,0.7817305674683303,1200,0.6996954627635579,-41.6,172.4
g-41p6_172p5,0.2756945936169688,0.7106518799004455,1200,0.6120539445338686,-41.6,172.5
g-41p6_172p6,0.2740772059990068,0.754293332331193,1200,0.6366437375868705,-41.6,172.6
g-41p6_172p7,0.314847287853849,0.746667616929238,1200,0.5783300618437197,-41.6,172.7
g-41p6_172p8,0.2803075071719723,0.772125386991664,1184,0.6369663374700066,-41.6,172.8
g-41p6_172p9,0.30118508110335196,0.7655966979327301,1200,0.60660086189424,-41.6,172.9
g-41p6_173p0,0.3392884474210558,0.7549422003623719,1200,0.5505769219707184,-41.6,173.0
g-41p6_173p1,0.2693889832884358,0.6503674743246908,1200,0.5857895821617526,-41.6,173.1
g-41p6_173p2,0.43147690224805113,0.8016789595813801,1200,0.4617834270299931,-41.6,173.2
g-41p6_173p3,0.42983813752800437,0.815645884694058,1180,0.47300888094441484,-41.6,173.3
g-41p6_173p4,0.22360219518183355,0.6715710754754642,1200,0.6670461201392185,-41.6,173.4
g-41p6_173p5,0.31241097904060017,0.7834402876844009,1200,0.6012319203496834,-41.6,173.5
g-41p6_173p6,0.23607138019171492,0.6696534247417003,1200,0.6474723021348353,-41.6,173.6
g-41p6_173p7,0.397668064235327,0.7915373765366773,1200,0.4976003963637208,-41.6,173.7
g-41p6_173p8,0.18289608616361758,0.6309922566870227,1200,0.7101452763875429,-41.6,173.8
g-41p6_173p9,0.13964406892915765,0.6060775844570325,1176,0.7695937409494187,-41.6,173.9
g-41p6_174p0,0.27644628221746764,0.6289313697507708,1181,0.5604507971561092,-41.6,174.0
g-41p6_174p1,0.2508358977808712,0.5594905484265114,1195,0.5516708933040747,-41.6,174.1
g-41p6_175p3,0.35246934458663676,0.6554030976134042,1200,0.46220982801252464,-41.6,175.3
g-41p6_175p4,0.19314491495144082,0.5192063312077274,1200,0.62799969233394,-41.6,175.4
g-41p7_171p8,0.6505928904585349,1.041166583529363,1200,0.37513083809015013,-41.7,171.8
g-41p7_171p9,0.3616009358820501,0.9321467553529268,1200,0.6120772466293232,-41.7,171.9
g-41p7_172p0,0.39363120578851285,0.995385423231249,1200,0.6045439318262309,-41.7,172.0
g-41p7_172p1,0.3464399205081209,0.9482523221957186,1200,0.6346542872619341,-41.7,172.1
g-41p7_172p2,0.46284513533250493,0.8953634065405155,1200,0.483064494314286,-41.7,172.2
g-41p7_172p3,0.3611339182803138,0.8325857670946668,1200,0.5662501900068487,-41.7,172.3
g-41p7_172p4,0.30072190959460654,0.803261877655362,1200,0.6256240735930572,-41.7,172.4
g-41p7_172p5,0.3369556796185004,0.8177454016208396,1183,0.5879454914076849,-41.7,172.5
g-41p7_172p6,0.2896744699830772,0.8266802428085042,1180,0.6495930893437614,-41.7,172.6
g-41p7_172p7,0.2958405996215291,0.7349330539551253,1200,0.597459118174874,-41.7,172.7
g-41p7_172p8,0.32252911956162206,0.7775802643892045,1200,0.5852143703583176,-41.7,172.8
g-41p7_172p9,0.2142742514280142,0.670981224590602,1200,0.6806553692187837,-41.7,172.9
g-41p7_173p0,0.3299340482554796,0.7292715958987053,1200,0.5475841235131459,-41.7,173.0
g-41p7_173p1,0.21202447756159026,0.6493687553859006,1200,0.6734914086902897,-41.7,173.1
g-41p7_173p2,0.18564951255294834,0.6623157680251947,1200,0.7196963721602259,-41.7,173.2
g-41p7_173p3,0.24090268943706705,0.6835569341030593,1200,0.6475747996717032,-41.7,173.3
g-41p7_173p4,0.39065838603673414,0.727860132409402,1178,0.4632782197541777,-41.7,173.4
g-41p7_173p5,0.2626423334707431,0.6506909088340277,1200,0.5963639111826972,-41.7,173.5
g-41p7_173p6,0.328278220836129,0.6592703119354943,1200,0.5020582378836906,-41.7,173.6
g-41p7_173p7,0.2151998495341933,0.6353817931003869,1200,0.6613062384364028,-41.7,173.7
g-41p7_173p8,0.2938064257241379,0.6629174372429649,1200,0.5567978616672662,-41.7,173.8
g-41p7_173p9,0.17346622203247192,0.5894693671244507,1200,0.7057247896041234,-41.7,173.9
g-41p7_174p0,0.2211033232908221,0.6388694930852701,1200,0.6539147264286238,-41.7,174.0
g-41p7_174p1,0.1950305755316115,0.5604443093653148,1200,0.6520072159310933,-41.7,174.1
g-41p8_171p5,0.6656441621455386,1.0233307201508433,1200,0.3495317310053784,-41.8,171.5
g-41p8_171p6,0.7460916030415344,1.0968696945890164,1200,0.31979923711805547,-41.8,171.6
g-41p8_171p7,0.39056764329537347,0.8989191744786997,1200,0.5655141703681301,-41.8,171.7
g-41p8_171p8,0.33141338811854226,0.8916478766407817,1200,0.6283136013656894,-41.8,171.8
g-41p8_171p9,0.4952541455478114,0.9736013364310687,1200,0.4913173112895829,-41.8,171.9
g-41p8_172p0,0.5591520424705372,1.0173799197065334,1200,0.4503999620595751,-41.8,172.0
g-41p8_172p1,0.3548249334372001,0.9489599302100639,1200,0.6260907103225578,-41.8,172.1
g-41p8_172p2,0.23923371273213098,0.8362491806348165,1200,0.713920541541789,-41.8,172.2
g-41p8_172p3,0.27681347599074996,0.8258306217736875,1200,0.664805992061398,-41.8,172.3
g-41p8_172p4,0.44097915399633747,0.93952191208756,1194,0.5306345191923104,-41.8,172.4
g-41p8_172p5,0.33986818211951875,0.8314909107082834,1200,0.5912544830706434,-41.8,172.5
g-41p8_172p6,0.26478682266610887,0.7762089134613052,1200,0.6588717057043835,-41.8,172.6
g-41p8_172p7,0.4643609402381186,0.861988652128158,1180,0.46129112130228056,-41.8,172.7
g-41p8_172p8,0.32941924987177806,0.7969970630435274,1200,0.586674449446764,-41.8,172.8
g-41p8_172p9,0.2034098437705179,0.6927330391248688,1200,0.7063661868539055,-41.8,172.9
g-41p8_173p0,0.4721765381690158,0.8083488962504392,1200,0.41587532269886585,-41.8,173.0
g-41p8_173p1,0.20596106051912674,0.693536770013161,1200,0.7030279151382006,-41.8,173.1
g-41p8_173p2,0.29492790238195343,0.6804388664616272,1200,0.5665622337012908,-41.8,173.2
g-41p8_173p3,0.19436474155218866,0.657677205245321,1200,0.7044678757268341,-41.8,173.3
g-41p8_173p4,0.24297338766403262,0.6598533101954187,1200,0.6317766632222017,-41.8,173.4
g-41p8_173p5,0.24673970826138472,0.659390202020295,1200,0.6258062259563413,-41.8,173.5
g-41p8_173p6,0.12687923503619694,0.5278499496448785,1200,0.7596301086671364,-41.8,173.6
g-41p8_173p7,0.2507283529548825,0.606531969913702,1185,0.5866197242817119,-41.8,173.7
g-41p8_173p8,0.2125320057354758,0.6393775302746023,1200,0.6675954413909467,-41.8,173.8
g-41p8_173p9,0.18593432340051175,0.613022545017302,1200,0.6966925198562413,-41.8,173.9
g-41p8_174p0,0.16761655736101333,0.591664813895089,1200,0.7167035229667481,-41.8,174.0
g-41p8_174p1,0.345457692809083,0.6206462396417434,1200,0.44339033938481265,-41.8,174.1
g-41p8_174p2,0.25431023922647333,0.5471901192624743,1200,0.5352433637339006,-41.8,174.2
g-41p9_171p5,0.6366194873400051,0.9771153475794321,1200,0.3484704861948218,-41.9,171.5
g-41p9_171p6,0.8537848211880894,1.1430575894812742,1200,0.2530692862329521,-41.9,171.6
g-41p9_171p7,0.48326264684366804,1.0015770760799447,1200,0.5174982950537352,-41.9,171.7
g-41p9_171p8,0.4692926308753015,1.0032975319214166,1200,0.5322497903721954,-41.9,171.8
g-41p9_171p9,0.36695300649819107,0.9428016366266335,1200,0.6107845041390068,-41.9,171.9
g-41p9_172p0,0.45191505229472595,0.9649843010740976,1200,0.5316866276563135,-41.9,172.0
g-41p9_172p1,0.39438590197566115,0.902383829477864,1200,0.562951053540199,-41.9,172.1
g-41p9_172p2,0.4047158957257882,0.8641229363965491,1200,0.5316454653854221,-41.9,172.2
g-41p9_172p3,0.37356364701402084,0.8853219073027673,1189,0.5780476638693778,-41.9,172.3
g-41p9_172p4,0.35400150463428953,0.8051430805120617,1200,0.5603247258746251,-41.9,172.4
g-41p9_172p5,0.5455269623566299,0.9294602137353892,1200,0.41307120595918523,-41.9,172.5
g-41p9_172p6,0.3257653506254539,0.7576854639919475,1200,0.5700519990061257,-41.9,172.6
g-41p9_172p7,0.32357129558693,0.7329156369234746,1200,0.5585149513999047,-41.9,172.7
g-41p9_172p8,0.34360675965205373,0.741208324059844,1200,0.5364235013309006,-41.9,172.8
g-41p9_172p9,0.23570237616568018,0.7068404748448458,1186,0.6665409175706616,-41.9,172.9
g-41p9_173p0,0.2604666354368191,0.6734160871089746,1200,0.6132158996156125,-41.9,173.0
g-41p9_173p1,0.19652634652762438,0.5826361735227207,1200,0.6626945674529757,-41.9,173.1
g-41p9_173p2,0.34625713600100433,0.6907802473334596,1200,0.4987448796666938,-41.9,173.2
g-41p9_173p3,0.23470591412350872,0.6149418805368866,1200,0.6183282980846998,-41.9,173.3
g-41p9_173p4,0.12299970008519175,0.5265742586584141,1200,0.7664152812965721,-41.9,173.4
g-41p9_173p5,0.21720521202268173,0.5420018676683928,1200,0.5992537572664379,-41.9,173.5
g-41p9_173p6,0.21520163433526102,0.5484051088010893,1200,0.607586379336017,-41.9,173.6
g-41p9_173p7,0.33628006633804813,0.6179533574404195,1200,0.4558164264517798,-41.9,173.7
g-41p9_173p8,0.19849018308043584,0.5587096683386092,1200,0.6447346549941217,-41.9,173.8
g-41p9_173p9,0.21893799223810428,0.5713447348307819,1200,0.6168022930972694,-41.9,173.9
g-41p9_174p0,0.19213586313648656,0.47719416723586616,1200,0.5973633453035938,-41.9,174.0
g-42p0_171p5,0.5584361742598096,0.9816715734576186,1200,0.4311374706584403,-42.0,171.5
g-42p0_171p6,0.6010055368300181,1.0682185161641489,1200,0.4373758479789691,-42.0,171.6
g-42p0_171p7,0.39529169440983947,0.8894540923119834,1200,0.5555794303196171,-42.0,171.7
g-42p0_171p8,0.5800969423846862,1.0306449106087288,1200,0.43715149959643795,-42.0,171.8
g-42p0_171p9,0.7566170302869403,1.1602680826354086,1196,0.3478946446855832,-42.0,171.9
g-42p0_172p0,0.43599562617786236,0.9326064526926106,1200,0.5324977380125766,-42.0,172.0
g-42p0_172p1,0.34579901014501824,0.8550076196078832,1200,0.5955603175751745,-42.0,172.1
g-42p0_172p2,0.3607243926011697,0.9168318440501267,1200,0.606553377326358,-42.0,172.2
g-42p0_172p3,0.37622730337886534,0.8836698167165742,1200,0.5742444788067991,-42.0,172.3
g-42p0_172p4,0.4162713875932197,0.8519820124826705,1200,0.511408243960213,-42.0,172.4
g-42p0_172p5,0.20919762359919078,0.728271277998574,1200,0.7127476670862195,-42.0,172.5
g-42p0_172p6,0.17409806043017204,0.6669247731706127,1200,0.7389539758697279,-42.0,172.6
g-42p0_172p7,0.30955839246486716,0.7073806110909209,1200,0.5623877900929928,-42.0,172.7
g-42p0_172p8,0.3111385034649285,0.7209606000036001,1200,0.5684389639830876,-42.0,172.8
g-42p0_172p9,0.3414765950056605,0.7023186781831706,1200,0.5137868241109194,-42.0,172.9
g-42p0_173p0,0.40328648420151475,0.7218926864288127,1200,0.4413484278438058,-42.0,173.0
g-42p0_173p1,0.23621371489995682,0.599423215490145,1200,0.605931654304036,-42.0,173.1
g-42p0_173p2,0.19624786230166683,0.5925522006892909,1200,0.6688091579554004,-42.0,173.2
g-42p0_173p3,0.08553881947925625,0.5054735467970992,1200,0.830774884222394,-42.0,173.3
g-42p0_173p4,0.23536421983324005,0.6416801473063727,1200,0.6332063243326983,-42.0,173.4
g-42p0_173p5,0.20145600711213,0.5899952749458065,1194,0.6585464059341246,-42.0,173.5
g-42p0_173p6,0.17775356100437237,0.5404255128825259,1173,0.6710859188414903,-42.0,173.6
g-42p0_173p7,0.19408939231387032,0.5218122470580663,1200,0.6280474569001973,-42.0,173.7
g-42p0_173p8,0.10714385430474932,0.5063346538832412,1200,0.7883932030268339,-42.0,173.8
g-42p0_173p9,0.3626692828859352,0.5938622448826208,1200,0.3893040246099191,-42.0,173.9
g-42p0_174p0,0.20649753718057867,0.521632272892942,1200,0.604131975892988,-42.0,174.0
g-42p1_171p3,0.6637964520387359,1.084356680662992,1200,0.3878430742614314,-42.1,171.3
g-42p1_171p5,0.6917282134326022,1.1416183345656221,1200,0.3940810229753362,-42.1,171.5
g-42p1_171p6,0.5546469099729034,1.0529156803997197,1191,0.4732276094868849,-42.1,171.6
g-42p1_171p7,0.4975636338703718,0.9939831242896616,1200,0.4994244653540272,-42.1,171.7
g-42p1_171p8,0.3808508785222359,0.9016123666986823,1200,0.5775891141369894,-42.1,171.8
g-42p1_171p9,0.3663750243265219,0.8989235769103592,1200,0.592429174473575,-42.1,171.9
g-42p1_172p0,0.33534702332211663,0.84042996190954,1200,0.6009815945160082,-42.1,172.0
g-42p1_172p1,0.338681634101536,0.8695481696911156,1200,0.610508484858471,-42.1,172.1
g-42p1_172p2,0.25454800769416636,0.7836814079914863,1200,0.675189426342839,-42.1,172.2
g-42p1_172p3,0.26365270021959586,0.8279321504430845,1200,0.6815527696581214,-42.1,172.3
g-42p1_172p4,0.4001653597251038,0.8486251118189345,1200,0.5284544916807925,-42.1,172.4
g-42p1_172p5,0.31906662978587186,0.7610662711384327,1197,0.5807636708054352,-42.1,172.5
g-42p1_172p6,0.4486281047317722,0.8118292129877954,1200,0.44738610343833907,-42.1,172.6
g-42p1_172p7,0.3857870409989654,0.7134773263925066,1200,0.4592861935086475,-42.1,172.7
g-42p1_172p8,0.22935497464632484,0.6087154805256675,1200,0.6232148154861099,-42.1,172.8
g-42p1_172p9,0.324761551198752,0.7305857649507622,1200,0.5554778551965911,-42.1,172.9
g-42p1_173p0,0.23807374085750904,0.6288177616971855,1200,0.6213946943627267,-42.1,173.0
g-42p1_173p1,0.2513296454611231,0.6022851252074664,1200,0.5827065372491995,-42.1,173.1
g-42p1_173p2,0.10995401606176616,0.46396415706103045,1200,0.7630118310037844,-42.1,173.2
g-42p1_173p3,0.15063445161761457,0.5144213766946147,1200,0.7071769206297225,-42.1,173.3
g-42p1_173p4,0.10409162679914138,0.505391881861724,1200,0.7940377941653978,-42.1,173.4
g-42p1_173p5,0.22213100864707894,0.5402856055585047,1200,0.5888637299202939,-42.1,173.5
g-42p1_173p6,0.14577595500416482,0.510636074085099,1200,0.7145208448789091,-42.1,173.6
g-42p1_173p7,0.26104136571163084,0.5080961373324195,1200,0.48623627197377073,-42.1,173.7
g-42p1_173p8,0.25507700314030585,0.5859531964842851,1200,0.5646802429430098,-42.1,173.8
g-42p1_173p9,0.21713008211764445,0.511968929739669,1200,0.5758920717551104,-42.1,173.9
g-42p2_171p3,0.7108791738205139,1.13055510046271,1200,0.3712122712731404,-42.2,171.3
g-42p2_171p4,0.6663682145083976,1.118737505779912,1200,0.4043569549911099,-42.2,171.4
g-42p2_171p5,0.5928037873766641,1.0700828151280681,1200,0.4460206453220007,-42.2,171.5
g-42p2_171p6,0.3978380526604613,0.9210027235172068,1200,0.568038136585349,-42.2,171.6
g-42p2_171p7,0.4382498381374296,0.9440352650173008,1200,0.5357696323670726,-42.2,171.7
g-42p2_171p8,0.5659469017185794,1.078645849694985,1182,0.4753172212375215,-42.2,171.8
g-42p2_171p9,0.2049231922933126,0.7763100039213896,1200,0.7360291748680551,-42.2,171.9
g-42p2_172p0,0.41439027993312066,0.9094065527817445,1195,0.54432890475051,-42.2,172.0
g-42p2_172p1,0.646544149851342,0.9974233389273286,1200,0.3517856213925543,-42.2,172.1
g-42p2_172p2,0.33441280558307457,0.7992860888581103,1200,0.5816106269773453,-42.2,172.2
g-42p2_172p3,0.36804970772389567,0.8326926589322586,1200,0.5580005374421857,-42.2,172.3
g-42p2_172p4,0.32321311088815885,0.7115247030975297,1200,0.5457457633149027,-42.2,172.4
g-42p2_172p5,0.34270361704913144,0.7322241677499066,1200,0.5319689896302591,-42.2,172.5
g-42p2_172p6,0.24971619808131612,0.6388308252859861,1200,0.6091043384302481,-42.2,172.6
g-42p2_172p7,0.2679902655231406,0.6126709788869926,1199,0.5625869761123915,-42.2,172.7
g-42p2_172p8,0.4468131651812737,0.7333420475091165,1200,0.3907165603023477,-42.2,172.8
g-42p2_172p9,0.33876084197116085,0.6720749369263649,1200,0.4959478127239302,-42.2,172.9
g-42p2_173p0,0.18063161713013198,0.6020674734624724,1200,0.699981106616963,-42.2,173.0
g-42p2_173p1,0.24356839066799035,0.5840189046381662,1200,0.58294433838765,-42.2,173.1
g-42p2_173p2,0.14948544860268764,0.5509371773641837,1181,0.7286706093826123,-42.2,173.2
g-42p2_173p3,0.13810108411899522,0.5586489359506717,1200,0.7527945096968922,-42.2,173.3
g-42p2_173p4,0.27005696457399936,0.5698106142304217,1200,0.5260583818033391,-42.2,173.4
g-42p2_173p5,0.20958244746272095,0.5275568533285211,1200,0.602730120667754,-42.2,173.5
g-42p2_173p6,0.2861901010879002,0.545886745636041,1200,0.47573355943191975,-42.2,173.6
g-42p2_173p7,0.11722504142615567,0.4220600443643828,1200,0.7222550606449963,-42.2,173.7
g-42p2_173p8,0.20875652450765303,0.559290072282034,1187,0.6267473090379063,-42.2,173.8
g-42p3_171p3,0.7006276284899434,1.1305514314149816,1200,0.38027796965145744,-42.3,171.3
g-42p3_171p4,0.6234035693560233,1.17119443975389,1200,0.46771983524185556,-42.3,171.4
g-42p3_171p5,0.4975660239204122,1.0768715218168867,1176,0.5379522869349131,-42.3,171.5
g-42p3_171p6,0.4850483048908533,1.0189504153002054,1200,0.5239726118096264,-42.3,171.6
g-42p3_171p7,0.4025514006819162,0.9380043678637594,1200,0.5708427226211117,-42.3,171.7
g-42p3_171p8,0.5098779195503621,0.9678980861588692,1200,0.47321115018025606,-42.3,171.8
g-42p3_171p9,0.42217102679490376,0.9379890473373235,1200,0.5499190230490176,-42.3,171.9
g-42p3_172p0,0.43819601348418813,0.996506423324657,1200,0.5602677481774485,-42.3,172.0
g-42p3_172p1,0.24545251146446395,0.760164978162696,1200,0.6771062617779131,-42.3,172.1
g-42p3_172p2,0.3489379935932703,0.8497674089033778,1200,0.5893723506723166,-42.3,172.2
g-42p3_172p3,0.2700288790579523,0.7486492892339205,1200,0.6393119142151753,-42.3,172.3
g-42p3_172p4,0.3264799082599445,0.7976637023174737,1170,0.5907048204507568,-42.3,172.4
g-42p3_172p5,0.2899269272994069,0.6993379598576576,1200,0.585426583509898,-42.3,172.5
g-42p3_172p6,0.298679532178088,0.6692152063176036,1200,0.5536868717888377,-42.3,172.6
g-42p3_172p7,0.24268830926143592,0.6343884356692433,1200,0.6174452502347183,-42.3,172.7
g-42p3_172p8,0.16484183495069962,0.5689040608812744,1200,0.710246689581812,-42.3,172.8
g-42p3_172p9,0.2847357345270086,0.649778269585222,1200,0.561795541871897,-42.3,172.9
g-42p3_173p0,0.23255909877528708,0.6143066427282368,1200,0.621428318368081,-42.3,173.0
g-42p3_173p1,0.18792020988118066,0.5541149149198706,1200,0.6608641911247681,-42.3,173.1
g-42p3_173p2,0.20894881264359158,0.538309972214823,1200,0.611842946576129,-42.3,173.2
g-42p3_173p3,0.1984682027725949,0.528594164395084,1200,0.6245357664897432,-42.3,173.3
g-42p3_173p4,0.23005517525460248,0.5652326764399186,1200,0.5929903120541613,-42.3,173.4
g-42p3_173p5,0.17894372914577167,0.5154213087524598,1200,0.652820467242823,-42.3,173.5
g-42p3_173p6,0.18071921736949384,0.5028245920377473,1200,0.6405919276201051,-42.3,173.6
g-42p3_173p7,0.15159139439125668,0.5184461295946191,1200,0.7076043474183358,-42.3,173.7
g-42p4_171p2,0.7202132756804992,1.0632717344475289,1200,0.32264420058648624,-42.4,171.2
g-42p4_171p3,0.6426108375268276,1.1901999409481263,1200,0.4600816086287849,-42.4,171.3
g-42p4_171p4,0.6973158109980139,1.2084598122336208,1194,0.42297145181092044,-42.4,171.4
g-42p4_171p5,0.4939368216056543,1.041966240683881,1200,0.5259569817910172,-42.4,171.5
g-42p4_171p6,0.3391876145759701,1.003747164630331,1200,0.6620786324204571,-42.4,171.6
g-42p4_171p7,0.4117893380153639,0.9576041704478363,1200,0.569979589977365,-42.4,171.7
g-42p4_171p8,0.6082769706316143,1.0768814724870026,1200,0.43514956272129945,-42.4,171.8
g-42p4_171p9,0.45559203482518335,0.9079978013395642,1200,0.49824544271687565,-42.4,171.9
g-42p4_172p0,0.722979603354564,1.1109784264365832,1200,0.34924064576709124,-42.4,172.0
g-42p4_172p1,0.3444161761574896,0.8323167451502135,1200,0.5861957864426594,-42.4,172.1
g-42p4_172p2,0.14975812481980985,0.699476852552034,1200,0.7858998131626245,-42.4,172.2
g-42p4_172p3,0.5228556717888343,0.8675800888116161,1200,0.3973401665948494,-42.4,172.3
g-42p4_172p4,0.48291957987813844,0.8265144197425495,1200,0.41571548137228775,-42.4,172.4
g-42p4_172p5,0.18497779333995248,0.6203687027500322,1200,0.7018260390636013,-42.4,172.5
g-42p4_172p6,0.15991824815658257,0.630192020383353,1200,0.7462388558025497,-42.4,172.6
g-42p4_172p7,0.22045306439053688,0.6287299337967609,1200,0.6493676337958499,-42.4,172.7
g-42p4_172p8,0.31388520091532324,0.6830202256344879,1200,0.5404452326082418,-42.4,172.8
g-42p4_172p9,0.28600992312631024,0.6201351112825796,1200,0.5387941790059636,-42.4,172.9
g-42p4_173p0,0.206653380458213,0.5941454108074928,1200,0.6521838312655586,-42.4,173.0
g-42p4_173p1,0.14541330273389047,0.5079699418802435,1200,0.7137364029933637,-42.4,173.1
g-42p4_173p2,0.14880520729674573,0.5597242918921014,1200,0.7341455258378691,-42.4,173.2
g-42p4_173p3,0.18810970689745832,0.5056469359761104,1200,0.627982108634105,-42.4,173.3
g-42p4_173p4,0.2092185192030219,0.5951144477616375,1200,0.6484398589381573,-42.4,173.4
g-42p4_173p5,0.19389986516540106,0.5137296646693721,1200,0.6225643981641749,-42.4,173.5
g-42p4_173p7,0.22342998385964102,0.4712406134481231,1200,0.5258685743896786,-42.4,173.7
g-42p5_171p3,0.5545154672921039,1.0450351228068273,1200,0.4693810234791458,-42.5,171.3
g-42p5_171p4,0.5990629577895995,1.1341235893095534,1200,0.4717833546216027,-42.5,171.4
g-42p5_171p5,0.6101892149548561,1.1323770125454269,1194,0.4611430573080646,-42.5,171.5
g-42p5_171p6,0.5944145492412657,1.198287678984925,1200,0.5039467069003021,-42.5,171.6
g-42p5_171p7,0.418445311775769,1.0779250946827232,1200,0.6118048333414723,-42.5,171.7
g-42p5_171p8,0.7951831461637667,1.224796765873519,1200,0.35076318919192606,-42.5,171.8
g-42p5_171p9,0.4441237179418141,0.9911644220647091,1200,0.5519172116603485,-42.5,171.9
g-42p5_172p0,0.5509012116247571,1.0166806999205922,1200,0.4581374352165972,-42.5,172.0
g-42p5_172p1,0.5409579725430063,0.9444549213812421,1187,0.4272273241460074,-42.5,172.1
g-42p5_172p2,0.2899188997360425,0.7944829593831674,1200,0.6350848104267282,-42.5,172.2
g-42p5_172p3,0.2825637263075535,0.7367122150538489,1200,0.6164530456619347,-42.5,172.3
g-42p5_172p4,0.2792277563003971,0.7213453719795992,1200,0.6129069830529195,-42.5,172.4
g-42p5_172p5,0.21249583994853535,0.5982339740606646,1200,0.64479476398479,-42.5,172.5
g-42p5_172p6,0.2390953239167614,0.6166244018055291,1189,0.6122512777362203,-42.5,172.6
g-42p5_172p7,0.32132096805318416,0.6936370205736911,1199,0.5367592003849116,-42.5,172.7
g-42p5_172p8,0.1337688720866968,0.5899604946142063,1200,0.7732579158979578,-42.5,172.8
g-42p5_172p9,0.15071201772057166,0.528877718479683,1200,0.7150342840046091,-42.5,172.9
g-42p5_173p0,0.20427928246365554,0.5498357997462153,1200,0.6284722046873928,-42.5,173.0
g-42p5_173p1,0.330181891166935,0.6675161484489217,1200,0.5053574480045698,-42.5,173.1
g-42p5_173p2,0.16867991677358815,0.548988061270987,1200,0.6927439252812353,-42.5,173.2
g-42p5_173p3,0.13825093737076946,0.5172192839828009,1200,0.732703436139928,-42.5,173.3
g-42p5_173p4,0.14650790173386496,0.5198726130633925,1200,0.7181849975313086,-42.5,173.4
g-42p5_173p5,0.16857953263625552,0.4674853164035206,1200,0.6393907429367423,-42.5,173.5
g-42p6_171p1,0.6660826283945461,1.1098614542077605,1200,0.39985065174643064,-42.6,171.1
g-42p6_171p2,0.5039853582222428,0.9732186642521993,1200,0.48214581498034204,-42.6,171.2
g-42p6_171p3,0.7640898235994722,1.300922568912707,1181,0.4126554171182626,-42.6,171.3
g-42p6_171p4,0.7365346209831797,1.2480340998868147,1200,0.4098441532567286,-42.6,171.4
g-42p6_171p5,0.4298206657584121,0.9877987723238766,1200,0.5648702166867203,-42.6,171.5
g-42p6_171p6,0.3496760170292612,0.9365287027818461,1200,0.6266254136252412,-42.6,171.6
g-42p6_171p7,0.6306960356833344,1.1484210303224003,1200,0.4508146237044467,-42.6,171.7
g-42p6_171p8,0.2817818900903898,0.8865236051915051,1192,0.6821495914600946,-42.6,171.8
g-42p6_171p9,0.39453955057692275,0.9253232287475839,1200,0.5736197489487773,-42.6,171.9
g-42p6_172p0,0.19581616347461,0.7784214599120121,1200,0.7484445463557186,-42.6,172.0
g-42p6_172p1,0.24079922497313233,0.8190508241935943,1200,0.7060020967438572,-42.6,172.1
g-42p6_172p2,0.33448585955539395,0.8143796402805795,1200,0.589275267932591,-42.6,172.2
g-42p6_172p3,0.33071379914796223,0.77603685955517,1200,0.5738426660074758,-42.6,172.3
g-42p6_172p4,0.3932771452797059,0.8214354643737898,1200,0.5212318406784209,-42.6,172.4
g-42p6_172p5,0.1962048446237792,0.6330460562945033,1200,0.6900622906139683,-42.6,172.5
g-42p6_172p6,0.22433306009110784,0.6277187189932506,1190,0.6426216818085364,-42.6,172.6
g-42p6_172p7,0.26265203862208825,0.5636043412657454,1200,0.533977971084781,-42.6,172.7
g-42p6_172p8,0.1803818259787487,0.5382279409080123,1200,0.6648597884486687,-42.6,172.8
g-42p6_172p9,0.2041021351284443,0.5671767073745528,1200,0.6401436580969129,-42.6,172.9
g-42p6_173p0,0.1988990035308536,0.6199108736084427,1180,0.6791490325486932,-42.6,173.0
g-42p6_173p1,0.2576109707681267,0.6399542497424409,1200,0.5974540822694652,-42.6,173.1
g-42p6_173p2,0.13947840062224254,0.5280173796576151,1186,0.7358450573867754,-42.6,173.2
g-42p6_173p3,0.18630524053975975,0.5754741163458675,1200,0.6762578276799719,-42.6,173.3
g-42p6_173p4,0.14952038618741004,0.4921399213730668,1200,0.6961831794294411,-42.6,173.4
g-42p7_171p1,0.40735278310618467,0.9723999791545793,1200,0.5810851585369798,-42.7,171.1
g-42p7_171p2,0.6540294628725051,1.1381742242025212,1200,0.4253696411630121,-42.7,171.2
g-42p7_171p3,0.6267650147171073,1.1199506297093498,1183,0.44036371060413104,-42.7,171.3
g-42p7_171p4,0.41698132601329835,1.0435292010443906,1200,0.6004124028383941,-42.7,171.4
g-42p7_171p5,0.33196524462151517,0.9133492857667928,1200,0.6365407519393664,-42.7,171.5
g-42p7_171p6,0.8684753663599247,1.2632048498823618,1200,0.31248255859625373,-42.7,171.6
g-42p7_171p7,0.5656783279589108,1.0518254275377465,1192,0.462193712807337,-42.7,171.7
g-42p7_171p8,0.5533567602832931,1.0525337799591943,1200,0.47426223194019845,-42.7,171.8
g-42p7_171p9,0.3033134413686238,0.8082113382049526,1200,0.6247102372477393,-42.7,171.9
g-42p7_172p0,0.29046624598272963,0.8041439045375834,1200,0.6387882264061182,-42.7,172.0
g-42p7_172p1,0.4593397971386065,0.7885242878474916,1200,0.4174690567965773,-42.7,172.1
g-42p7_172p2,0.46547624976499385,0.8818829541405042,1200,0.4721791054248762,-42.7,172.2
g-42p7_172p3,0.16696870153204377,0.6308823185972869,1200,0.735340971509101,-42.7,172.3
g-42p7_172p4,0.1529651135572705,0.5977139795788874,1200,0.7440830919413324,-42.7,172.4
g-42p7_172p5,0.1576488871083604,0.540011925585568,1200,0.7080640637011635,-42.7,172.5
g-42p7_172p6,0.19049930639397844,0.5682939489232376,1200,0.6647873749933062,-42.7,172.6
g-42p7_172p7,0.18281100819065443,0.5478254344826564,1200,0.6662969685529596,-42.7,172.7
g-42p7_172p8,0.20192991235743607,0.5764229125933101,1200,0.6496844453164445,-42.7,172.8
g-42p7_172p9,0.24908268749219242,0.6269199647863085,1200,0.6026882194171395,-42.7,172.9
g-42p7_173p0,0.25653230914236774,0.5887316043457638,1200,0.5642627179367364,-42.7,173.0
g-42p7_173p1,0.16265451532233186,0.5593175810358176,1200,0.7091911271211842,-42.7,173.1
g-42p7_173p2,0.14650525217761076,0.5263248205184936,1200,0.7216447971553281,-42.7,173.2
g-42p7_173p3,0.32162035377437415,0.652754099361288,1200,0.5072871176311635,-42.7,173.3
g-42p7_173p4,0.1492804486312135,0.4743482369867464,1200,0.6852935523076804,-42.7,173.4
g-42p8_170p9,0.5574340511366893,1.116589217344299,1200,0.5007707019932603,-42.8,170.9
g-42p8_171p0,0.5860365962918666,1.0576760534445444,1200,0.4459205213322972,-42.8,171.0
g-42p8_171p1,0.7729035397150696,1.2363354555144905,1200,0.3748431817047321,-42.8,171.1
g-42p8_171p2,0.959105890645499,1.3550218680733814,1200,0.2921841977287126,-42.8,171.2
g-42p8_171p3,0.47942505096463256,1.1102702566375955,1200,0.5681906742088632,-42.8,171.3
g-42p8_171p4,0.9218400904961307,1.2527964844678838,1200,0.26417410814520637,-42.8,171.4
g-42p8_171p5,0.7588130781170894,1.1753425434728464,1200,0.35438984802253093,-42.8,171.5
g-42p8_171p6,0.5750023142576008,1.082590203496317,1200,0.46886429195407275,-42.8,171.6
g-42p8_171p7,0.5583821813069886,1.0271649037736157,1200,0.4563850660633023,-42.8,171.7
g-42p8_171p8,0.4011370688378041,0.9437289062359681,1200,0.5749445988279345,-42.8,171.8
g-42p8_171p9,0.3157813650576495,0.8504903907965248,1200,0.6287067220572531,-42.8,171.9
g-42p8_172p0,0.35936357001119396,0.7752258528629318,1200,0.5364401629743722,-42.8,172.0
g-42p8_172p1,0.30215103428716994,0.7384288681888332,1200,0.5908190384968766,-42.8,172.1
g-42p8_172p2,0.32073934410446314,0.8074529420522352,1200,0.6027764252251444,-42.8,172.2
g-42p8_172p3,0.5868143157381279,0.874898392840599,1200,0.3292771817389293,-42.8,172.3
g-42p8_172p4,0.3257767937203256,0.6837156469607726,1200,0.5235200552035681,-42.8,172.4
g-42p8_172p5,0.2028207464358237,0.6054784876108169,1200,0.665024025484138,-42.8,172.5
g-42p8_172p6,0.13560042314983564,0.5185028948060547,1200,0.7384770181455654,-42.8,172.6
g-42p8_172p7,0.26711533214615174,0.6004401574159662,1200,0.5551341314416741,-42.8,172.7
g-42p8_172p8,0.22446920167730744,0.6431158775556832,1200,0.6509661640908996,-42.8,172.8
g-42p8_172p9,0.27462833706794354,0.6074027461574102,1200,0.547864511964566,-42.8,172.9
g-42p8_173p0,0.20681932433557634,0.6121424687963805,1192,0.6621385790431549,-42.8,173.0
g-42p8_173p1,0.16478056303439503,0.580294611666662,1200,0.7160398188755719,-42.8,173.1
g-42p8_173p2,0.20454440546324434,0.5705268587109943,1200,0.6414815493079911,-42.8,173.2
g-42p8_173p3,0.20864843042611497,0.6086485111320641,1178,0.6571938867671976,-42.8,173.3
g-42p8_173p4,0.30713824031352016,0.5524327064336588,1200,0.44402596599264865,-42.8,173.4
g-42p9_170p8,0.7947293038017303,1.296942790968654,1200,0.3872287125261963,-42.9,170.8
g-42p9_170p9,0.8154734976227832,1.25378083800897,1200,0.3495884823716304,-42.9,170.9
g-42p9_171p0,0.8073261692724915,1.2747109116691475,1200,0.36665940341300396,-42.9,171.0
g-42p9_171p1,0.7543273499315567,1.2365962057141586,1200,0.389997036667343,-42.9,171.1
g-42p9_171p2,0.8030972209926707,1.2693292607429127,1200,0.36730583164636565,-42.9,171.2
g-42p9_171p3,0.8082733665146681,1.2168754606088623,1200,0.33577971396493655,-42.9,171.3
g-42p9_171p4,0.6010692921411671,1.0781035390418643,1200,0.44247535568304375,-42.9,171.4
g-42p9_171p5,0.4243273347989009,0.9145563946090017,1200,0.5360293391417239,-42.9,171.5
g-42p9_171p6,0.24497602024438733,0.79158209165403,1200,0.6905235441437236,-42.9,171.6
g-42p9_171p7,0.5765512610487239,0.9683357924634406,1177,0.4045957347275362,-42.9,171.7
g-42p9_171p8,0.26467226581316033,0.7894680107928191,1200,0.664746054058144,-42.9,171.8
g-42p9_171p9,0.37948561452673457,0.8055053333658725,1200,0.5288850379909693,-42.9,171.9
g-42p9_172p0,0.37883055694341844,0.8004621800112849,1200,0.5267352207220113,-42.9,172.0
g-42p9_172p1,0.34205010798289137,0.7640752952640193,1185,0.5523345538024508,-42.9,172.1
g-42p9_172p2,0.5570130594285099,0.8846890848750869,1200,0.37038551853823654,-42.9,172.2
g-42p9_172p3,0.23581947464300085,0.656230566149267,1200,0.6406453968964301,-42.9,172.3
g-42p9_172p4,0.3126702701642767,0.6169961779098958,1200,0.4932379140119437,-42.9,172.4
g-42p9_172p5,0.18630587783629685,0.5568309084481249,1200,0.6654174992628783,-42.9,172.5
g-42p9_172p6,0.17055709838337263,0.5672880844135458,1200,0.6993465876166038,-42.9,172.6
g-42p9_172p7,0.1948551430657915,0.6364152084616944,1200,0.6938238739819182,-42.9,172.7
g-42p9_172p8,0.20820469924115684,0.5593334803761294,1200,0.6277628524915986,-42.9,172.8
g-42p9_172p9,0.25865037521447704,0.5553936997257793,1200,0.5342936454947484,-42.9,172.9
g-42p9_173p0,0.13823888175497356,0.477546088139837,1200,0.7105224287493401,-42.9,173.0
g-42p9_173p1,0.147023091441096,0.4851798915754383,1200,0.6969720015318563,-42.9,173.1
g-42p9_173p2,0.3368358020133977,0.5557838141778484,1200,0.3939445636579627,-42.9,173.2
g-43p0_170p6,0.8543559671382479,1.3052811422400799,1200,0.3454621081309497,-43.0,170.6
g-43p0_170p7,0.5283655212880383,1.138031162841556,1200,0.5357196370890587,-43.0,170.7
g-43p0_170p8,0.9040772139431374,1.2487181400585299,1200,0.27599577123083874,-43.0,170.8
g-43p0_170p9,0.8288865844505401,1.216098277272346,1200,0.3184049349122543,-43.0,170.9
g-43p0_171p0,0.5205061338608814,1.0854020611662418,1200,0.520448548529926,-43.0,171.0
g-43p0_171p1,0.3354618320498085,1.0032046012518308,1200,0.6656097553468071,-43.0,171.1
g-43p0_171p2,0.5048127342244355,1.0996857320393125,1200,0.5409481822699606,-43.0,171.2
g-43p0_171p3,0.6683231225811537,1.1530431922338904,1200,0.42038327177809065,-43.0,171.3
g-43p0_171p4,0.6470449466699651,1.0817752808736016,1200,0.4018675060245085,-43.0,171.4
g-43p0_171p5,0.4582397391055684,1.031917738512469,1200,0.5559338482095185,-43.0,171.5
g-43p0_171p6,0.5018977220936728,0.997863862918069,1200,0.4970278604678945,-43.0,171.6
g-43p0_171p7,0.502955383813046,0.9130315980811914,1200,0.4491369358190376,-43.0,171.7
g-43p0_171p8,0.15405832766902497,0.7196762953217452,1200,0.7859338584993268,-43.0,171.8
g-43p0_171p9,0.20263819876887154,0.7857334827367837,1200,0.7421031390146903,-43.0,171.9
g-43p0_172p0,0.424314468687736,0.8192536149732769,1200,0.48207189943058515,-43.0,172.0
g-43p0_172p1,0.3104748297688019,0.7507224209286799,1188,0.5864319206228987,-43.0,172.1
g-43p0_172p2,0.3005165345287119,0.7180433195262472,1192,0.5814785454351311,-43.0,172.2
g-43p0_172p3,0.18049576787421823,0.6330062091676518,1200,0.7148594038097122,-43.0,172.3
g-43p0_172p4,0.1862024132226981,0.567161424717245,1200,0.6716941507163887,-43.0,172.4
g-43p0_172p5,0.31814174918938,0.5912843948959683,1200,0.46194800347241627,-43.0,172.5
g-43p0_172p6,0.13428744228211018,0.5556898645140852,1200,0.758341026429309,-43.0,172.6
g-43p0_172p7,0.25792793702332656,0.6260391060321951,1199,0.5880002789952515,-43.0,172.7
g-43p0_172p8,0.2421307080989879,0.5894108097814024,1200,0.5891987318848324,-43.0,172.8
g-43p0_172p9,0.2131426598757172,0.5808171664644033,1200,0.6330296826914117,-43.0,172.9
g-43p0_173p0,0.17479816354049418,0.5219636983778343,1181,0.6651143286712577,-43.0,173.0
g-43p0_173p1,0.10734006796735272,0.43976188166843105,1200,0.7559132056645957,-43.0,173.1
g-43p1_170p3,0.8213055593829182,1.256925005617862,1200,0.34657552701070504,-43.1,170.3
g-43p1_170p5,0.9055826811505228,1.3576316162897273,1200,0.33296877423539195,-43.1,170.5
g-43p1_170p6,0.7101605766856549,1.182106874976307,1200,0.3992416491953076,-43.1,170.6
g-43p1_170p7,0.7395691624456581,1.2345106232430165,1200,0.40092118405361665,-43.1,170.7
g-43p1_170p8,0.7775702765189256,1.1275242875423281,1200,0.31037381180160606,-43.1,170.8
g-43p1_170p9,0.6046339610473396,1.0621376585277418,1200,0.4307386088866867,-43.1,170.9
g-43p1_171p0,0.599465891594326,1.0271669246582313,1200,0.41638902382513354,-43.1,171.0
g-43p1_171p1,0.7175814181704491,1.1282260058016902,1176,0.3639736945608225,-43.1,171.1
g-43p1_171p2,0.7082983475264751,1.1057736601380599,1180,0.3594544950202182,-43.1,171.2
g-43p1_171p3,0.4217458396635596,0.8688635311014198,1188,0.5146005965644213,-43.1,171.3
g-43p1_171p4,0.8108322659571712,1.0801994371584926,1200,0.24936799810774057,-43.1,171.4
g-43p1_171p5,0.42393094496907374,0.8386652612872422,1200,0.4945171040965798,-43.1,171.5
g-43p1_171p6,0.3404613795381308,0.8474575485739236,1200,0.5982555349102157,-43.1,171.6
g-43p1_171p7,0.374688392095073,0.8682505848864094,1200,0.5684559289481016,-43.1,171.7
g-43p1_171p8,0.4022413158565584,0.8880948530494546,1200,0.5470739251833507,-43.1,171.8
g-43p1_171p9,0.33200244675021895,0.7820704915265864,1200,0.5754827085955427,-43.1,171.9
g-43p1_172p0,0.295785168600698,0.7127314030767108,1200,0.5849977041507419,-43.1,172.0
g-43p1_172p1,0.24273897522407917,0.6312246386023859,1200,0.6154475595858631,-43.1,172.1
g-43p1_172p2,0.24487329855013443,0.620264020881926,1200,0.6052111837762895,-43.1,172.2
g-43p1_172p3,0.2479911986322131,0.5827923844878872,1200,0.5744776266249111,-43.1,172.3
g-43p1_172p4,0.24158826240238782,0.584388773633788,1200,0.5865966745045978,-43.1,172.4
g-43p1_172p5,0.1477410935901836,0.5495983637215633,1191,0.7311835272038183,-43.1,172.5
g-43p1_172p6,0.17749596139648233,0.5149092508434137,1179,0.6552869052056327,-43.1,172.6
g-43p1_172p7,0.1355622830814342,0.5060326109050463,1200,0.7321076148847814,-43.1,172.7
g-43p1_172p8,0.22503929216988675,0.5749084893769274,1200,0.6085650215153734,-43.1,172.8
g-43p2_170p3,0.7108675937031743,1.2163657238256806,1200,0.4155807091740692,-43.2,170.3
g-43p2_170p4,0.7779411747981835,1.229879775264611,1200,0.36746567392669904,-43.2,170.4
g-43p2_170p5,0.9709769912422873,1.3594439459421361,1200,0.2857543011312831,-43.2,170.5
g-43p2_170p6,1.2538795337570408,1.4986912657584375,1200,0.16335034279225324,-43.2,170.6
g-43p2_170p7,0.8106630630966444,1.2065113983660316,1200,0.32809332411238,-43.2,170.7
g-43p2_170p8,0.6771619059204184,1.1418396270663167,1200,0.40695532904193943,-43.2,170.8
g-43p2_170p9,0.8213088469774521,1.1736809047218413,1200,0.30022815939729397,-43.2,170.9
g-43p2_171p0,0.8426636805494429,1.131922351140529,1200,0.25554638999718315,-43.2,171.0
g-43p2_171p1,0.567921373822046,1.011537563269958,1200,0.4385563181794764,-43.2,171.1
g-43p2_171p2,0.3486924806332333,0.8406171434882866,1196,0.5851946592639387,-43.2,171.2
g-43p2_171p3,0.3935701437428426,0.8976931021657462,1200,0.5615760633636064,-43.2,171.3
g-43p2_171p4,0.5366943631214062,0.9148177449420716,1200,0.4133319274918624,-43.2,171.4
g-43p2_171p5,0.32211245985020603,0.7197987333359197,1200,0.5524964897376656,-43.2,171.5
g-43p2_171p6,0.22877233229919328,0.7271803265685837,1200,0.6853980726091374,-43.2,171.6
g-43p2_171p7,0.28818269269006436,0.7043798237650966,1200,0.590870318871924,-43.2,171.7
g-43p2_171p8,0.1740684752519159,0.6218389895506821,1171,0.7200746846419338,-43.2,171.8
g-43p2_171p9,0.35694723711674997,0.6640688829217106,1200,0.4624846212545217,-43.2,171.9
g-43p2_172p0,0.44707392392492956,0.7314812139126783,1200,0.38881010828215234,-43.2,172.0
g-43p2_172p1,0.24782623416633465,0.6046949646652519,1194,0.5901632250178787,-43.2,172.1
g-43p2_172p2,0.24505899239000462,0.5548964358695472,1200,0.5583698568797142,-43.2,172.2
g-43p2_172p3,0.3654151791985978,0.578732720448946,1200,0.36859422962100585,-43.2,172.3
g-43p2_172p4,0.2806972983494626,0.5345086152836059,1200,0.4748498147208967,-43.2,172.4
g-43p2_172p5,0.2007730378115821,0.5528329716545219,1200,0.6368287564131581,-43.2,172.5
g-43p2_172p6,0.2685416488852213,0.5311624293200051,1200,0.4944264991991081,-43.2,172.6
g-43p2_172p7,0.37137729502362493,0.5742150763562028,1178,0.3532435661907831,-43.2,172.7
g-43p2_172p8,0.25489658199504556,0.5007771725968148,1200,0.49099800082088074,-43.2,172.8
g-43p3_170p0,1.0677226629810748,1.377532284404151,1200,0.224901895171977,-43.3,170.0
g-43p3_170p2,0.9503527731550452,1.300066853767882,1200,0.26899699780768027,-43.3,170.2
g-43p3_170p3,0.556999664268326,1.1193524861506496,1200,0.5023911849396103,-43.3,170.3
g-43p3_170p4,0.30753835200873153,1.0102841889904812,1200,0.6955922349769357,-43.3,170.4
g-43p3_170p5,0.8296845985432095,1.2551426015033698,1200,0.3389718446737129,-43.3,170.5
g-43p3_170p6,0.805254336952486,1.3113521882565693,1200,0.38593587278558306,-43.3,170.6
g-43p3_170p7,0.67725985619332,1.2028188357083127,1200,0.4369394325334979,-43.3,170.7
g-43p3_170p8,0.6505672409042417,1.1521766835078597,1200,0.4353580920214797,-43.3,170.8
g-43p3_170p9,0.5307806783198052,1.0135072459156313,1200,0.476293158772355,-43.3,170.9
g-43p3_171p0,0.6402898394449842,1.0888688653769591,1200,0.41196790559043117,-43.3,171.0
g-43p3_171p1,0.5974639056014325,1.045731478279146,1200,0.42866412840070756,-43.3,171.1
g-43p3_171p2,0.4740850533844663,0.9336025718444337,1200,0.4921982140132074,-43.3,171.2
g-43p3_171p3,0.4318586738267071,0.8911299886570002,1200,0.5153808318385171,-43.3,171.3
g-43p3_171p4,0.23229926938142928,0.7136819976847619,1200,0.6745059142096541,-43.3,171.4
g-43p3_171p5,0.7738902021254545,1.0478724050847814,1200,0.26146523339085315,-43.3,171.5
g-43p3_171p6,0.34908791543931206,0.747586124474704,1197,0.5330465560946562,-43.3,171.6
g-43p3_171p7,0.4940428158902988,0.8114310507973035,1200,0.39114627742571895,-43.3,171.7
g-43p3_171p8,0.35111564797790695,0.7073502006785323,1200,0.5036183666292934,-43.3,171.8
g-43p3_171p9,0.19365044126484632,0.5640428007813171,1200,0.6566742080625796,-43.3,171.9
g-43p3_172p0,0.13630245829598944,0.5822366951095561,1200,0.7658985435977336,-43.3,172.0
g-43p3_172p1,0.17536306076170782,0.5893618867282445,1200,0.7024526615807989,-43.3,172.1
g-43p3_172p2,0.18971447372366834,0.5649934591323538,1191,0.6642182831372807,-43.3,172.2
g-43p3_172p3,0.19689145712983255,0.5422482655663043,1200,0.63689794945825,-43.3,172.3
g-43p3_172p4,0.143990563802804,0.5262260450826337,1200,0.726371271151748,-43.3,172.4
g-43p3_172p5,0.35874716329565853,0.6029016587153698,1200,0.40496570525273134,-43.3,172.5
g-43p3_172p6,0.18985938769511915,0.5130583079423134,1200,0.6299457883128825,-43.3,172.6
g-43p4_169p9,0.4876359633512957,1.0592490490727748,1200,0.5396399328579495,-43.4,169.9
g-43p4_170p0,0.8704788298286659,1.2257364194712699,1198,0.2898319606068709,-43.4,170.0
g-43p4_170p1,0.7656974895558115,1.0240743888836974,1200,0.2523028621090039,-43.4,170.1
g-43p4_170p2,0.5405918365925282,1.0872930249758064,1200,0.5028094320713985,-43.4,170.2
g-43p4_170p3,0.5208837648425605,1.0988678357734656,1200,0.5259814257135632,-43.4,170.3
g-43p4_170p4,0.5797733001618479,0.947191102928482,1200,0.38790250629537015,-43.4,170.4
g-43p4_170p5,0.9077765175224338,1.2621297786850483,1200,0.2807581812480472,-43.4,170.5
g-43p4_170p6,1.0820450915158926,1.3050984167096986,1185,0.17090919913622205,-43.4,170.6
g-43p4_170p7,0.5586358764261792,1.019236474451609,1200,0.45190749111804673,-43.4,170.7
g-43p4_170p8,0.4910237455847038,0.8981048045850669,1200,0.4532667645491981,-43.4,170.8
g-43p4_170p9,0.3976283619651475,0.8794444604311138,1200,0.5478641575953238,-43.4,170.9
g-43p4_171p0,0.4890105685286676,0.8365090725555395,1200,0.41541510478214205,-43.4,171.0
g-43p4_171p1,0.3132336220333492,0.7906355458327259,1200,0.6038204660992819,-43.4,171.1
g-43p4_171p2,0.3945641257112092,0.7522803406696766,1200,0.47550918935357267,-43.4,171.2
g-43p4_171p3,0.2939990361398749,0.6422950287737573,1200,0.5422679252225173,-43.4,171.3
g-43p4_171p4,0.34855509215027314,0.7027366538454468,1200,0.5040032560662033,-43.4,171.4
g-43p4_171p5,0.15902962418469682,0.6236859357201805,1200,0.7450164977649165,-43.4,171.5
g-43p4_171p6,0.2902902966666346,0.6666564263434721,1190,0.5645578663977773,-43.4,171.6
g-43p4_171p7,0.15078242782012907,0.5210867283896854,1200,0.7106385183017574,-43.4,171.7
g-43p4_171p8,0.15425822650546164,0.5015097711499159,1200,0.6924123209967341,-43.4,171.8
g-43p4_171p9,0.22899942830491943,0.594890265665017,1200,0.6150560170136166,-43.4,171.9
g-43p4_172p0,0.282635640482339,0.5793518794793635,1200,0.5121520262671272,-43.4,172.0
g-43p4_172p1,0.1322879308812926,0.48130477094557134,1200,0.7251472687017008,-43.4,172.1
g-43p4_172p2,0.26970689583229196,0.5491652192625528,1200,0.5088784096806637,-43.4,172.2
g-43p4_172p3,0.16472105807068257,0.5055882492739087,1200,0.6741991960706292,-43.4,172.3
g-43p4_172p4,0.22224387744823554,0.5196686165160215,1176,0.5723353876202688,-43.4,172.4
g-43p4_172p5,0.22907462565127845,0.5033099907357246,1200,0.544863742290465,-43.4,172.5
g-43p4_172p6,0.12421011715492283,0.39400462798009595,1179,0.6847495985219808,-43.4,172.6
g-43p5_169p9,0.8090240969161882,1.308380626932097,1200,0.381659984668838,-43.5,169.9
g-43p5_170p0,0.9935902452917564,1.2833975003455054,1194,0.22581254441880205,-43.5,170.0
g-43p5_170p1,1.1840163449826393,1.375059993939164,1200,0.1389347736088501,-43.5,170.1
g-43p5_170p2,0.9139267869254274,1.2290471455065208,1199,0.2563940364152789,-43.5,170.2
g-43p5_170p3,0.6124913545876949,1.0758315395781148,1200,0.4306809829837466,-43.5,170.3
g-43p5_170p4,0.8734139555834867,1.3018438280808429,1200,0.32909467576379003,-43.5,170.4
g-43p5_170p5,0.6243227694032231,1.0590895090221117,1200,0.4105099105554558,-43.5,170.5
g-43p5_170p6,0.9820334716250081,1.340333921625279,1200,0.2673217802066804,-43.5,170.6
g-43p5_170p7,0.6401820966194572,1.0258356163557618,1200,0.3759408560080245,-43.5,170.7
g-43p5_170p8,0.6002992026839608,1.023234581570141,1200,0.4133317877482121,-43.5,170.8
g-43p5_170p9,0.43612519650613524,0.8713380770556007,1200,0.4994764856599906,-43.5,170.9
g-43p5_171p0,0.47927476591262763,0.8547753564299395,1200,0.43929739865878936,-43.5,171.0
g-43p5_171p1,0.5093472714056476,0.8347708787148197,1200,0.3898358407161753,-43.5,171.1
g-43p5_171p2,0.3795471642519546,0.7271887954619403,1200,0.4780624142993696,-43.5,171.2
g-43p5_171p3,0.34120172907258395,0.7493000537063926,1200,0.5446393906088238,-43.5,171.3
g-43p5_171p4,0.23237014306854475,0.6186433753262585,1200,0.6243875674802175,-43.5,171.4
g-43p5_171p5,0.15692728703308806,0.6133034427836538,1200,0.7441278230547207,-43.5,171.5
g-43p5_171p6,0.34206586541813155,0.6649741800207024,1200,0.48559526716137735,-43.5,171.6
g-43p5_171p7,0.14754739869732628,0.541442459092165,1200,0.7274920054391032,-43.5,171.7
g-43p5_171p8,0.15622106473481998,0.5037431158823893,1200,0.6898795044351664,-43.5,171.8
g-43p5_171p9,0.25126221049728026,0.5641232036923369,1200,0.5545969234154844,-43.5,171.9
g-43p5_172p0,0.3621100093034469,0.6595725428732112,1200,0.4509928995436445,-43.5,172.0
g-43p5_172p1,0.2307034628618844,0.5385384503581251,1200,0.5716119012329243,-43.5,172.1
g-43p5_172p2,0.2646085287170977,0.5299357535193364,1200,0.5006780973734722,-43.5,172.2
g-43p5_172p3,0.12818160373701584,0.4657600299237917,1200,0.7247904596751484,-43.5,172.3
g-43p5_172p4,0.1969111421492862,0.44866806207439347,1189,0.5611206618120359,-43.5,172.4
g-43p5_172p5,0.16586524709443906,0.4017048156975458,1200,0.5870966923649643,-43.5,172.5
g-43p5_172p6,0.13430515296852044,0.3707286575669423,1200,0.637726541428028,-43.5,172.6
g-43p5_172p7,0.2072792493577679,0.4330496336597328,1200,0.5213499025364912,-43.5,172.7
g-43p6_169p5,0.8659913505514383,1.313479410254707,1200,0.3406890555037272,-43.6,169.5
g-43p6_169p6,1.1390942148382015,1.5419576253307363,1200,0.2612674978056704,-43.6,169.6
g-43p6_169p7,1.3859781506223579,1.6896341242827475,1200,0.17971699866637825,-43.6,169.7
g-43p6_169p8,1.2653669997968633,1.5218707759181658,1200,0.16854504349526667,-43.6,169.8
g-43p6_169p9,0.8748296393780913,1.3161959864633779,1200,0.33533482218802313,-43.6,169.9
g-43p6_170p0,0.7876298553724166,1.1723707328193511,1200,0.3281733897618704,-43.6,170.0
g-43p6_170p1,0.6297495577741643,1.072719571706839,1200,0.41294111305142933,-43.6,170.1
g-43p6_170p2,0.5383762180181407,1.0414616159197154,1187,0.48305707115024077,-43.6,170.2
g-43p6_170p3,0.6981919774436484,1.0967112508711094,1200,0.3633766619161791,-43.6,170.3
g-43p6_170p4,0.7716430513334841,1.2012117100320756,1200,0.35761277975480343,-43.6,170.4
g-43p6_170p5,0.7283360944937344,1.1941862694298229,1200,0.39009841836358883,-43.6,170.5
g-43p6_170p6,0.7221244556153492,1.0745946590037139,1181,0.3280029362095931,-43.6,170.6
g-43p6_170p7,0.5753755934282798,0.9605847444493945,1200,0.4010152703829539,-43.6,170.7
g-43p6_170p8,0.3481019867832683,0.8127393566196164,1200,0.5716929616511861,-43.6,170.8
g-43p6_170p9,0.2551719319981999,0.803113274370941,1200,0.6822715547840126,-43.6,170.9
g-43p6_171p0,0.7696304977551408,1.0675489258704085,1200,0.2790677044355272,-43.6,171.0
g-43p6_171p1,0.3600127901799906,0.7429577121759454,1200,0.5154329993754299,-43.6,171.1
g-43p6_171p2,0.41801288040641926,0.7330383496514211,1200,0.42975305370422257,-43.6,171.2
g-43p6_171p3,0.4006067144116437,0.7485906449037915,1200,0.4648520962172463,-43.6,171.3
g-43p6_171p4,0.23329926672474366,0.5991460536342735,1200,0.610613697095045,-43.6,171.4
g-43p6_171p5,0.2589501144363815,0.5940210892027245,1200,0.5640725234453614,-43.6,171.5
g-43p6_171p6,0.38180823642198314,0.6459258230465154,1200,0.4088977049699284,-43.6,171.6
g-43p6_171p7,0.271966026882501,0.5533021248442431,1200,0.5084674092674765,-43.6,171.7
g-43p6_171p8,0.1413800935783148,0.49664913394488397,1200,0.7153320444650074,-43.6,171.8
g-43p6_171p9,0.14972410514202375,0.48382386287363865,1200,0.6905400567620876,-43.6,171.9
g-43p6_172p0,0.19122236928010222,0.5106649758464967,1200,0.6255424234585012,-43.6,172.0
g-43p6_172p1,0.13794235823048182,0.4767678723701586,1200,0.7106718673287942,-43.6,172.1
g-43p6_172p2,0.2354867903560123,0.5254305260504285,1200,0.5518212614593859,-43.6,172.2
g-43p6_172p3,0.2742685814260371,0.4920528944969798,1200,0.44260345890980113,-43.6,172.3
g-43p6_172p4,0.20193750395475613,0.41038506393010415,1200,0.5079316434646128,-43.6,172.4
g-43p6_172p5,0.23179680277401013,0.3822173060290515,1200,0.39354707618500206,-43.6,172.5
g-43p6_172p6,0.25333982497274815,0.41743749818454184,1200,0.39310716915816935,-43.6,172.6
g-43p6_172p7,0.12678605309913515,0.37129353457596154,1200,0.6585287884316864,-43.6,172.7
g-43p6_172p8,0.293286822718453,0.4517746604979038,1200,0.35081170246418936,-43.6,172.8
g-43p7_169p4,0.6107341511155837,1.1146831290889532,1200,0.45210065966034163,-43.7,169.4
g-43p7_169p5,0.8515906746192066,1.3499374333567296,1200,0.36916285630982404,-43.7,169.5
g-43p7_169p6,0.7956879431742501,1.2736682162977133,1200,0.3752784806963715,-43.7,169.6
g-43p7_169p7,0.4029332215140833,0.966079172915779,1200,0.5829190476201165,-43.7,169.7
g-43p7_169p8,0.5782637115480506,1.1110752195026725,1200,0.4795458476637732,-43.7,169.8
g-43p7_169p9,1.0060944901470665,1.2543338407234599,1200,0.19790532832409014,-43.7,169.9
g-43p7_170p0,0.7275989102399333,1.1536483312398196,1200,0.36930614769061665,-43.7,170.0
g-43p7_170p1,0.8770433042817073,1.1882771517972772,1200,0.2619202490301413,-43.7,170.1
g-43p7_170p2,0.8824160023781535,1.1679400131783988,1182,0.24446804423048096,-43.7,170.2
g-43p7_170p3,0.629579609998538,1.0876166075126579,1200,0.4211382893110054,-43.7,170.3
g-43p7_170p4,0.6049745407542592,1.0155640193664779,1200,0.40429699239280825,-43.7,170.4
g-43p7_170p5,0.49718937133757085,0.894446901770619,1200,0.44413763371157045,-43.7,170.5
g-43p7_170p6,0.6055974814439483,0.9199147949496111,1190,0.3416808983085001,-43.7,170.6
g-43p7_170p7,0.42948369224693217,0.8130606117782494,1200,0.47176915715101975,-43.7,170.7
g-43p7_170p8,0.42673898438968527,0.7676040464251612,1200,0.4440636596731504,-43.7,170.8
g-43p7_170p9,0.3449751833004924,0.6705805374371508,1200,0.4855574177280314,-43.7,170.9
g-43p7_171p0,0.44223871065284953,0.7437309557727227,1200,0.4053781045144589,-43.7,171.0
g-43p7_171p1,0.4283238173506218,0.6725692287506536,1200,0.3631528190097776,-43.7,171.1
g-43p7_171p2,0.16565168268534433,0.5610931478704636,1200,0.7047697279604146,-43.7,171.2
g-43p7_171p3,0.4076392473319977,0.6872794193557153,1200,0.4068798863290045,-43.7,171.3
g-43p7_171p4,0.23334105840365515,0.5360570044536144,1200,0.5647084984152158,-43.7,171.4
g-43p7_171p5,0.27269172899851424,0.5928749352072676,1200,0.5400518510650448,-43.7,171.5
g-43p7_171p6,0.08668646721113046,0.43545921876405674,1200,0.8009309173493477,-43.7,171.6
g-43p7_171p7,0.16551372069112688,0.4975169189926237,1200,0.6673204179141075,-43.7,171.7
g-43p7_171p8,0.2906526508636661,0.5763019587161641,1200,0.49565909595178703,-43.7,171.8
g-43p7_171p9,0.34616027905217084,0.5807178701662148,1200,0.40390971789262864,-43.7,171.9
g-43p7_172p0,0.17786841759765532,0.5043396611449619,1200,0.647324152152034,-43.7,172.0
g-43p7_172p1,0.5714013263930914,0.7342415835661814,1200,0.22178021623643485,-43.7,172.1
g-43p7_172p2,0.1894731784799052,0.44338329217396677,1200,0.5726650466441954,-43.7,172.2
g-43p7_172p3,0.1770134561529192,0.4392108725989237,1200,0.5969738747461213,-43.7,172.3
g-43p7_172p4,0.2739401073376681,0.45006729695363107,1176,0.39133523099348577,-43.7,172.4
g-43p7_172p5,0.2480962562384116,0.44747127070867765,1200,0.4455593632961242,-43.7,172.5
g-43p7_172p6,0.24619466633420833,0.4331769411979864,1200,0.43165334319657744,-43.7,172.6
g-43p7_172p7,0.18971157014107534,0.419644290539436,1200,0.547922908954132,-43.7,172.7
g-43p7_172p8,0.25125035770829734,0.44153119246626865,1199,0.4309567206228766,-43.7,172.8
g-43p7_172p9,0.22085857687386554,0.3721891149086878,1200,0.4065958190957557,-43.7,172.9
g-43p7_173p0,0.19386716781735974,0.347763247199667,1200,0.44253117781002427,-43.7,173.0
g-43p8_169p1,1.081860781833956,1.431966586331837,1200,0.24449299853757134,-43.8,169.1
g-43p8_169p2,1.1486353841088088,1.4950993367222447,1200,0.23173306555870743,-43.8,169.2
g-43p8_169p3,0.9429905141586052,1.4057019149574141,1200,0.3291675111738229,-43.8,169.3
g-43p8_169p4,0.8851580194340987,1.352635157291467,1200,0.3456047518337836,-43.8,169.4
g-43p8_169p5,0.7630006439450965,1.274500650279224,1200,0.4013336566145066,-43.8,169.5
g-43p8_169p6,0.5176367646065423,1.10238588265609,1200,0.5304395922058185,-43.8,169.6
g-43p8_169p7,1.0070531843791537,1.363562038011126,1185,0.2614540766711073,-43.8,169.7
g-43p8_169p8,0.5854962758368636,1.1086332755016386,1179,0.47187560686202923,-43.8,169.8
g-43p8_169p9,0.97064224673492,1.3910002955577025,1200,0.3021983892923946,-43.8,169.9
g-43p8_170p0,0.8676947721657793,1.2511729026745473,1190,0.30649491344404345,-43.8,170.0
g-43p8_170p1,0.5672979241607459,1.1674591492163018,1200,0.5140747112722834,-43.8,170.1
g-43p8_170p2,0.45234632492318383,1.0212356112369647,1200,0.5570597813610492,-43.8,170.2
g-43p8_170p3,0.8059997643613221,1.1456343327416108,1200,0.29645983772807427,-43.8,170.3
g-43p8_170p4,0.5730831961974423,0.9806314682944989,1200,0.41559779109052974,-43.8,170.4
g-43p8_170p5,0.4111353165305952,0.8802581911782423,1200,0.5329378122795054,-43.8,170.5
g-43p8_170p6,0.43413871886495525,0.7882093287538737,1200,0.44920885477045724,-43.8,170.6
g-43p8_170p7,0.36929303376497963,0.7230840089529131,1200,0.489280596455525,-43.8,170.7
g-43p8_170p8,0.41507577813302976,0.7691829997921983,1200,0.46036797713266386,-43.8,170.8
g-43p8_170p9,0.47267593901667926,0.7763185369006048,1200,0.39113145371511604,-43.8,170.9
g-43p8_171p0,0.3686860613256541,0.7029367808733756,1200,0.4755060890858863,-43.8,171.0
g-43p8_171p1,0.3418077416320084,0.68734347683688,1200,0.5027118854681063,-43.8,171.1
g-43p8_171p2,0.32402235546790253,0.5922625381111478,1200,0.4529075627486431,-43.8,171.2
g-43p8_171p3,0.2004354826525833,0.5816758874524385,1200,0.6554172401224518,-43.8,171.3
g-43p8_171p4,0.17324748058756606,0.5396823604475854,1187,0.6789825028858025,-43.8,171.4
g-43p8_171p5,0.3664583629805999,0.6080403409727538,1200,0.39731241780054716,-43.8,171.5
g-43p8_171p6,0.22902376030168323,0.5056611627386883,1200,0.5470805804794695,-43.8,171.6
g-43p8_171p7,0.22041369579064715,0.5127969354158267,1200,0.5701735315326839,-43.8,171.7
g-43p8_171p8,0.21469121492015822,0.5150309082834671,1200,0.583148872296428,-43.8,171.8
g-43p8_171p9,0.1395743334472222,0.49555899573645246,1200,0.7183497128534613,-43.8,171.9
g-43p8_172p0,0.23608667223706747,0.5517258208307128,1200,0.5720942117923706,-43.8,172.0
g-43p8_172p1,0.21011604193079647,0.4984908356781428,1200,0.5784956775685628,-43.8,172.1
g-43p8_172p2,0.30177312639110726,0.5170493930981805,1200,0.4163553222974101,-43.8,172.2
g-43p8_172p3,0.2649033862162176,0.46159932553147276,1200,0.42611834211149435,-43.8,172.3
g-43p8_172p7,0.21464297125468107,0.4291793682022641,1200,0.49987583943335345,-43.8,172.7
g-43p8_172p8,0.2440247970954484,0.39780867388627184,1200,0.38657748532348035,-43.8,172.8
g-43p8_172p9,0.2197619415401501,0.4317913947813213,1200,0.49104603705350014,-43.8,172.9
g-43p8_173p0,0.2770714543349973,0.4514615090532849,1200,0.38627889913357993,-43.8,173.0
g-43p8_173p1,0.18412205038775117,0.31172326625480007,1200,0.40934132828811276,-43.8,173.1
g-43p9_168p9,0.6402586729701258,1.1905095646701132,1200,0.4621977916258575,-43.9,168.9
g-43p9_169p0,0.8038074520395943,1.2938321875547991,1200,0.3787390205844994,-43.9,169.0
g-43p9_169p1,0.8464856467119238,1.3360901820594173,1195,0.3664457249381391,-43.9,169.1
g-43p9_169p2,0.7609165331307991,1.3195611199100192,1200,0.4233563556474853,-43.9,169.2
g-43p9_169p3,0.617739679597746,1.2148866570805232,1182,0.49152484637354776,-43.9,169.3
g-43p9_169p4,0.960845027975725,1.3698272283033779,1200,0.2985648057486815,-43.9,169.4
g-43p9_169p5,0.37387314669308147,0.9665915002922217,1200,0.6132045992748214,-43.9,169.5
g-43p9_169p6,0.589096552052591,1.1533140821754932,1200,0.4892141168159676,-43.9,169.6
g-43p9_169p7,0.7797379844448491,1.1279798855958507,1200,0.3087305949317033,-43.9,169.7
g-43p9_169p8,0.7920270061611479,1.1262116186631224,1200,0.2967334086809287,-43.9,169.8
g-43p9_169p9,0.5568732821596033,0.9956024715363854,1190,0.44066703520708184,-43.9,169.9
g-43p9_170p0,0.41512117437581253,0.8735061126962925,1200,0.5247644311332426,-43.9,170.0
g-43p9_170p1,0.4747444584514893,0.9896304201272627,1200,0.5202810576594452,-43.9,170.1
g-43p9_170p2,0.268681020236275,0.7033577909165373,1200,0.6180023542695676,-43.9,170.2
g-43p9_170p3,0.19884924875961982,0.7258461099816487,1200,0.7260448929530706,-43.9,170.3
g-43p9_170p4,0.4853029640527643,0.8043902926519513,1200,0.39668222194378433,-43.9,170.4
g-43p9_170p5,0.3958359647277581,0.7496968508760135,1200,0.4720052988548269,-43.9,170.5
g-43p9_170p6,0.5243217595935998,0.7685218631941825,1200,0.31775296877778036,-43.9,170.6
g-43p9_170p7,0.31372180741025946,0.6404276585252956,1200,0.5101370104272782,-43.9,170.7
g-43p9_170p8,0.17551912930769994,0.5749091667371492,1200,0.6947011119967965,-43.9,170.8
g-43p9_170p9,0.3311400695601527,0.6439564855008697,1200,0.4857725995218578,-43.9,170.9
g-43p9_171p0,0.26827813901059955,0.5708600663440302,1200,0.5300457067723474,-43.9,171.0
g-43p9_171p1,0.09518948247309388,0.46103822263423355,1200,0.7935323411382036,-43.9,171.1
g-43p9_171p2,0.28015911155584117,0.5719064003787935,1200,0.5101311834064419,-43.9,171.2
g-43p9_171p3,0.31297866084462767,0.5857624071665729,1200,0.46569008694402936,-43.9,171.3
g-43p9_171p4,0.2028035427708183,0.5007610047562048,1200,0.5950093141346877,-43.9,171.4
g-43p9_171p5,0.1590495026524901,0.49404846676314873,1200,0.6780690289466279,-43.9,171.5
g-43p9_171p6,0.22884268998606727,0.5074424136026452,1200,0.5490272711707866,-43.9,171.6
g-43p9_171p7,0.19334313495748262,0.5242004104346658,1200,0.6311656169876652,-43.9,171.7
g-43p9_171p8,0.23884451511198407,0.5133332986865814,1200,0.5347184456510157,-43.9,171.8
g-43p9_171p9,0.3330400512616834,0.5549135072762147,1200,0.3998343040946941,-43.9,171.9
g-43p9_172p0,0.3275991972695322,0.5980688486434519,1200,0.45223832003188724,-43.9,172.0
g-43p9_172p1,0.1729393444790096,0.456139556793496,1200,0.6208630847657378,-43.9,172.1
g-44p0_168p8,0.46715345983679746,1.1179718061474462,1200,0.5821420028054036,-44.0,168.8
g-44p0_168p9,0.8385262381695583,1.365963387278219,1200,0.38612832087660676,-44.0,168.9
g-44p0_169p0,0.6230231782335045,1.1462773845888052,1200,0.4564813136769713,-44.0,169.0
g-44p0_169p1,0.4771058715472957,1.091025528945533,1182,0.5626996262787595,-44.0,169.1
g-44p0_169p2,1.0041359813190727,1.4615507973311468,1200,0.3129653904929838,-44.0,169.2
g-44p0_169p3,0.7183837421663539,1.2145381926869352,1200,0.4085128434067057,-44.0,169.3
g-44p0_169p4,0.8181917309928667,1.3311368155432866,1200,0.38534362400687405,-44.0,169.4
g-44p0_169p5,1.2352571620825377,1.5277836884465068,1200,0.1914711674015962,-44.0,169.5
g-44p0_169p6,0.6461523686699445,1.0799573387081425,1200,0.40168713567623004,-44.0,169.6
g-44p0_169p7,0.8984565036251472,1.2465697395661846,1200,0.2792569279454701,-44.0,169.7
g-44p0_169p8,0.9465224348871741,1.280761773834626,1200,0.26096917145390175,-44.0,169.8
g-44p0_169p9,0.7398740708282991,1.0961650684879471,1200,0.3250340737012508,-44.0,169.9
g-44p0_170p0,0.4818461065210197,0.9103394353793313,1200,0.4706962174826159,-44.0,170.0
g-44p0_170p1,0.5661690824444592,1.045225439760834,1200,0.458328260194271,-44.0,170.1
g-44p0_170p2,0.37460522687307024,0.7386872949932392,1200,0.4928771221434114,-44.0,170.2
g-44p0_170p3,0.23875048971370344,0.7445198073447407,1182,0.679322850301076,-44.0,170.3
g-44p0_170p4,0.6535634933485571,0.9402367049626386,1200,0.3048947250208369,-44.0,170.4
g-44p0_170p5,0.5753874395603118,0.8263264195232962,1200,0.30368020921774463,-44.0,170.5
g-44p0_170p6,0.33528488755316027,0.6369302195791776,1200,0.47359243250432626,-44.0,170.6
g-44p0_170p7,0.1976514083867439,0.5758171971033638,1200,0.6567462566574511,-44.0,170.7
g-44p0_170p8,0.41961125657959925,0.6820913923050588,1200,0.38481666633914624,-44.0,170.8
g-44p0_170p9,0.1747704587557482,0.533930801438125,1179,0.6726720798181904,-44.0,170.9
g-44p0_171p0,0.2123515714245177,0.5303120738516252,1200,0.5995724368818895,-44.0,171.0
g-44p0_171p1,0.1375377973714,0.506249805833213,1200,0.7283202960541724,-44.0,171.1
g-44p0_171p2,0.15554813445971388,0.4770695368666202,1200,0.6739508133733505,-44.0,171.2
g-44p0_171p3,0.37199816736244845,0.646106325420551,1200,0.424246207278168,-44.0,171.3
g-44p0_171p4,0.19336812955741542,0.5424386658348764,1200,0.6435207485443551,-44.0,171.4
g-44p0_171p5,0.1629321518077201,0.49113743508323315,1176,0.6682554817266007,-44.0,171.5
g-44p0_171p6,0.29121954105854275,0.5814838900224533,1184,0.4991786598811918,-44.0,171.6
g-44p0_171p7,0.29978004315161494,0.5925405261168877,1200,0.4940767256609909,-44.0,171.7
g-44p0_171p8,0.2412641720631587,0.5660066019150662,1181,0.5737431838306326,-44.0,171.8
g-44p0_172p0,0.224645732488004,0.4988546939287335,1200,0.5496770197373406,-44.0,172.0
g-44p1_168p3,0.7770674419302172,1.1868477556776158,1189,0.34526780017664505,-44.1,168.3
g-44p1_168p4,0.7597375186874358,1.2740847218735143,1200,0.4036993728562587,-44.1,168.4
g-44p1_168p5,0.8430963223516984,1.2896150474607324,1200,0.3462418696092565,-44.1,168.5
g-44p1_168p6,0.5783926796364292,1.136501524508857,1199,0.4910761955322642,-44.1,168.6
g-44p1_168p7,0.7436046623935069,1.223618478028414,1200,0.3922904273302096,-44.1,168.7
g-44p1_168p8,0.8496061531394732,1.308748760985521,1200,0.350825629435784,-44.1,168.8
g-44p1_168p9,0.3841786239844108,1.051679956863324,1200,0.6347000611001103,-44.1,168.9
g-44p1_169p0,0.6185190599294413,1.146340411134685,1200,0.46044032477472285,-44.1,169.0
g-44p1_169p1,0.9215382385291114,1.338263839793702,1200,0.31139270812908626,-44.1,169.1
g-44p1_169p2,0.7707461085780052,1.2807739996087426,1200,0.39821849224495764,-44.1,169.2
g-44p1_169p3,0.38780742124143114,1.0512040395165483,1200,0.6310826379436433,-44.1,169.3
g-44p1_169p4,0.9849142770464808,1.3363295278387766,1200,0.2629705050075738,-44.1,169.4
g-44p1_169p5,0.7034942386700113,1.1280103518208489,1200,0.37634061820937925,-44.1,169.5
g-44p1_169p6,0.6341967793852734,1.0396554698469118,1200,0.3899933220390229,-44.1,169.6
g-44p1_169p7,0.5650496753692484,1.0060877274908124,1200,0.438369378803094,-44.1,169.7
g-44p1_169p8,0.7209346867820707,1.060261047387806,1200,0.3200403914127967,-44.1,169.8
g-44p1_169p9,0.7112769653137159,1.0342329650837927,1200,0.3122662017874389,-44.1,169.9
g-44p1_170p0,0.4542208823364416,0.8386416717199608,1200,0.4583850318278544,-44.1,170.0
g-44p1_170p1,0.5362296325221356,0.907926133600995,1200,0.4093906842450338,-44.1,170.1
g-44p1_170p2,0.32531841364176,0.7283293843921274,1200,0.5533361407445139,-44.1,170.2
g-44p1_170p3,0.2846790348175373,0.6954947518728053,1200,0.5906812610002261,-44.1,170.3
g-44p1_170p4,0.27801735978214365,0.6191973266657442,1200,0.551003617410281,-44.1,170.4
g-44p1_170p5,0.3314910001331561,0.6570616551209241,1200,0.49549483286747387,-44.1,170.5
g-44p1_170p6,0.41785931945762705,0.7042493690146754,1200,0.40666000163797156,-44.1,170.6
g-44p1_170p7,0.2688509290337005,0.5919136914114157,1200,0.545793697738894,-44.1,170.7
g-44p1_170p8,0.25805517030467867,0.5670826506242156,1200,0.5449425757945077,-44.1,170.8
g-44p1_170p9,0.30505270074457735,0.5824789839657023,1200,0.47628548129293613,-44.1,170.9
g-44p1_171p0,0.19786646270507297,0.5626623161043972,1200,0.6483388756599073,-44.1,171.0
g-44p1_171p1,0.34423027149894836,0.6252610041868563,1200,0.4494614741781069,-44.1,171.1
g-44p1_171p2,0.39802820775606446,0.6356189796654508,1200,0.3737943319981397,-44.1,171.2
g-44p1_171p3,0.16813215348198132,0.5038633114347856,1200,0.6663139592299082,-44.1,171.3
g-44p1_171p4,0.15846690541588584,0.49318341416927675,1200,0.6786856555530986,-44.1,171.4
g-44p1_171p5,0.21269625863034528,0.46639692817038547,1200,0.5439587060216604,-44.1,171.5
g-44p1_171p6,0.1874745764473829,0.508261454324238,1200,0.6311453979986721,-44.1,171.6
g-44p1_171p7,0.2952926176998289,0.5579508698995536,1200,0.47075516209341217,-44.1,171.7
g-44p2_168p2,1.173323635955672,1.445498522866207,1200,0.1882913628793289,-44.2,168.2
g-44p2_168p3,1.188690143445387,1.5454005320339153,1200,0.23082067153106167,-44.2,168.3
g-44p2_168p4,1.0456781629905763,1.5094325226421157,1200,0.3072375562968408,-44.2,168.4
g-44p2_168p5,0.8370590674337662,1.2395783401249598,1200,0.3247227380970664,-44.2,168.5
g-44p2_168p6,0.5933850324855812,1.132758718986685,1200,0.4761593775094517,-44.2,168.6
g-44p2_168p7,1.3111242666909773,1.5450767535312722,1200,0.15141803558017208,-44.2,168.7
g-44p2_168p8,0.8909366606218724,1.2444923128513619,1200,0.28409629258330105,-44.2,168.8
g-44p2_168p9,1.178370270950319,1.5401755909156054,1200,0.23491173480434135,-44.2,168.9
g-44p2_169p0,0.6916043602636884,1.097985011445579,1166,0.37011493503618975,-44.2,169.0
g-44p2_169p1,0.4738860161570381,0.9591852617325882,1200,0.5059494395263622,-44.2,169.1
g-44p2_169p2,0.5471063598393235,0.9595512784986446,1200,0.4298310344650369,-44.2,169.2
g-44p2_169p3,0.4660383949886807,0.9383212837188815,1200,0.5033274816685235,-44.2,169.3
g-44p2_169p4,0.5399892493282428,0.9643070924825345,1200,0.4400235635122397,-44.2,169.4
g-44p2_169p5,0.8019682669766339,1.0246233418366562,1200,0.21730431639485093,-44.2,169.5
g-44p2_169p6,0.32265818831489934,0.7259282803721726,1200,0.5555233250459986,-44.2,169.6
g-44p2_169p7,0.4987652579392317,0.8238209779638176,1200,0.3945708214762922,-44.2,169.7
g-44p2_169p8,0.6226905384112205,0.8976410216869165,1200,0.3063033847973968,-44.2,169.8
g-44p2_169p9,0.4371401909668639,0.8277556094666942,1200,0.4718970358310175,-44.2,169.9
g-44p2_170p0,0.30882424823953913,0.6658271924545989,1200,0.5361795797179054,-44.2,170.0
g-44p2_170p1,0.3526744038738403,0.6699123665411025,1200,0.47355143524999854,-44.2,170.1
g-44p2_170p2,0.33747616307463796,0.6783583492118245,1200,0.5025104895270368,-44.2,170.2
g-44p2_170p3,0.23988219095326035,0.5495124243370568,1200,0.5634635718334136,-44.2,170.3
g-44p2_170p4,0.3893556366575732,0.6831262793795516,1200,0.43003856181436195,-44.2,170.4
g-44p2_170p5,0.18609570820180316,0.4795709199955066,1200,0.6119537268782962,-44.2,170.5
g-44p2_170p6,0.19837027388977477,0.48143279414313533,1200,0.5879585348089165,-44.2,170.6
g-44p2_170p7,0.15008685803674576,0.43539654518788057,1200,0.6552869798909844,-44.2,170.7
g-44p2_170p8,0.24128274950040776,0.5575972183716172,1200,0.5672812891623824,-44.2,170.8
g-44p2_170p9,0.34905080171300507,0.5524349087585385,1200,0.3681594045216823,-44.2,170.9
g-44p2_171p0,0.13362727726683357,0.44383335394474366,1200,0.6989246615217884,-44.2,171.0
g-44p2_171p1,0.2900332486286137,0.5309905975001553,1200,0.4537883533266729,-44.2,171.1
g-44p2_171p2,0.22631870372828938,0.5394709953929608,1200,0.5804803118962224,-44.2,171.2
g-44p2_171p3,0.281976405153392,0.5021205849153921,1200,0.4384289080661663,-44.2,171.3
g-44p2_171p4,0.21343073054582448,0.4557824456365779,1200,0.5317267424643086,-44.2,171.4
g-44p2_171p5,0.13795492246693322,0.4369014941947535,1200,0.6842425024862965,-44.2,171.5
g-44p3_168p1,0.7866666705839283,1.183503237402377,1200,0.33530670155955733,-44.3,168.1
g-44p3_168p2,1.1360702106415972,1.4738852202892303,1200,0.2292003508803362,-44.3,168.2
g-44p3_168p3,1.1866784504288477,1.42661091531006,1200,0.16818353365049454,-44.3,168.3
g-44p3_168p4,1.0002007114514984,1.3409433009475469,1200,0.25410663467670147,-44.3,168.4
g-44p3_168p5,0.39224210598226006,1.0126454364461823,1200,0.6126560276034918,-44.3,168.5
g-44p3_168p6,0.683857171451907,1.2484742950554937,1200,0.4522456936756474,-44.3,168.6
g-44p3_168p7,1.5171213961014605,1.8014019443271323,1194,0.15781072576329302,-44.3,168.7
g-44p3_168p8,0.8046240318383496,1.1905698092421517,1200,0.32416896044884,-44.3,168.8
g-44p3_168p9,0.6532517476857341,1.0918232519707332,1200,0.40168727263628123,-44.3,168.9
g-44p3_169p0,1.07668649987206,1.3244568844915678,1200,0.18707319771652808,-44.3,169.0
g-44p3_169p1,0.5719810672990066,1.0544932869262993,1200,0.45757732705321297,-44.3,169.1
g-44p3_169p2,0.8300408979665943,1.1378284041117877,1200,0.27050432651613987,-44.3,169.2
g-44p3_169p3,0.6334207400273559,0.989747742813391,1200,0.36001799991295114,-44.3,169.3
g-44p3_169p4,0.43320553026681136,0.8911669385821248,1200,0.5138895850915932,-44.3,169.4
g-44p3_169p5,0.6546319224762092,1.049552628362241,1200,0.37627527692658924,-44.3,169.5
g-44p3_169p6,0.5140495310412252,0.8747209886057923,1200,0.412327430418055,-44.3,169.6
g-44p3_169p7,0.44357463466196134,0.7750295476429164,1200,0.4276674534396824,-44.3,169.7
g-44p3_169p8,0.38670402369289125,0.7751409113749762,1196,0.5011177735323762,-44.3,169.8
g-44p3_169p9,0.5039787387278261,0.7932868788158521,1200,0.3646954813117286,-44.3,169.9
g-44p3_170p0,0.45341065459876917,0.7680392612237483,1200,0.4096517229127956,-44.3,170.0
g-44p3_170p1,0.4012363190606486,0.7989411464100704,1200,0.4977898924550982,-44.3,170.1
g-44p3_170p2,0.13478258160935452,0.5829930224564547,1200,0.7688092714361401,-44.3,170.2
g-44p3_170p3,0.21855311426068652,0.5743403599224984,1200,0.6194710845496247,-44.3,170.3
g-44p3_170p4,0.19393252197341534,0.5724154120869934,1200,0.6612031788830621,-44.3,170.4
g-44p3_170p5,0.17414112702320017,0.5630803878450146,1200,0.6907348741275433,-44.3,170.5
g-44p3_170p6,0.22185515352848365,0.4826605241823321,1200,0.5403494953221519,-44.3,170.6
g-44p3_170p7,0.31169907365632893,0.5313507444225252,1200,0.41338357586176877,-44.3,170.7
g-44p3_170p8,0.19635573161796155,0.48774923288729044,1200,0.5974248273941711,-44.3,170.8
g-44p3_170p9,0.1390727955405348,0.4367661667331224,1186,0.6815852368310558,-44.3,170.9
g-44p3_171p0,0.1041899236700827,0.42629407095567634,1200,0.7555914314348608,-44.3,171.0
g-44p3_171p1,0.276479740216276,0.5295578361209482,1200,0.47790454345551503,-44.3,171.1
g-44p3_171p2,0.23908862769797704,0.4776222965292012,1200,0.499419040033531,-44.3,171.2
g-44p4_168p0,0.747502025543018,1.2846225991677074,1197,0.41811546361762886,-44.4,168.0
g-44p4_168p1,1.3104903555854912,1.5625776562731093,1200,0.16132785444332376,-44.4,168.1
g-44p4_168p2,0.9170537768618313,1.33081144436573,1200,0.3109063040114576,-44.4,168.2
g-44p4_168p3,0.522630327008538,1.1108260429960986,1200,0.5295119966768969,-44.4,168.3
g-44p4_168p4,0.7969494225260337,1.1700417761597783,1200,0.31887096788824054,-44.4,168.4
g-44p4_168p5,0.7579506354883216,1.0792959015847494,1200,0.2977360199594854,-44.4,168.5
g-44p4_168p6,0.7865250745744031,1.1560595582503204,1200,0.31965003968757666,-44.4,168.6
g-44p4_168p7,0.8086948434132277,1.2100062852508078,1200,0.33166062584079636,-44.4,168.7
g-44p4_168p8,0.7527760047136254,1.1960213590941082,1200,0.37059986513636034,-44.4,168.8
g-44p4_168p9,0.7754094389864125,1.0969724239083007,1200,0.29313679898736333,-44.4,168.9
g-44p4_169p0,0.6548236879890228,1.004202317208983,1200,0.34791657341620286,-44.4,169.0
g-44p4_169p1,0.5586019311891316,0.9645384935631106,1200,0.42086092476662595,-44.4,169.1
g-44p4_169p2,0.34131160407654,0.7476322276781624,1200,0.543476603280582,-44.4,169.2
g-44p4_169p3,0.36175599330419467,0.7934392983854438,1200,0.5440659492914885,-44.4,169.3
g-44p4_169p4,0.47323608527788624,0.823601960314109,1190,0.42540680075919035,-44.4,169.4
g-44p4_169p5,0.37138197682691526,0.738239495564873,1200,0.4969356434354033,-44.4,169.5
g-44p4_169p6,0.5496942819287993,0.8121233139978722,1200,0.3231393897279009,-44.4,169.6
g-44p4_169p7,0.29062310262983376,0.6671624536765739,1200,0.5643893012439791,-44.4,169.7
g-44p4_169p8,0.3750736691638274,0.6483898281290507,1200,0.42153060876029735,-44.4,169.8
g-44p4_169p9,0.2831345068346295,0.5917370878144478,1200,0.5215197548621247,-44.4,169.9
g-44p4_170p0,0.22467382146692386,0.5157354726394018,1200,0.5643622876722035,-44.4,170.0
g-44p4_170p1,0.2628571526085139,0.553309417910253,1200,0.5249364205632419,-44.4,170.1
g-44p4_170p2,0.3047875324852206,0.5523017133679241,1200,0.4481503042483198,-44.4,170.2
g-44p4_170p3,0.10960752314876421,0.40882824852441746,1200,0.7318983618564268,-44.4,170.3
g-44p4_170p4,0.1907614243231707,0.4628512486272181,1200,0.5878558718617382,-44.4,170.4
g-44p4_170p5,0.1450703346383584,0.4312697916369264,1200,0.6636204588136585,-44.4,170.5
g-44p4_170p6,0.19970006864406284,0.4086101026864101,1200,0.5112698699049943,-44.4,170.6
g-44p4_170p7,0.28603750504397024,0.489127492511837,1193,0.4152086942096226,-44.4,170.7
g-44p4_170p8,0.21327170273073193,0.4097705821165194,1200,0.4795338854508411,-44.4,170.8
g-44p4_170p9,0.16387704292763988,0.41512662030446035,1200,0.6052360053242312,-44.4,170.9
g-44p4_171p0,0.17872883455095218,0.4157784431800246,1200,0.570134437023793,-44.4,171.0
g-44p4_171p1,0.22893665172583358,0.45577983087704826,1200,0.4977034168333091,-44.4,171.1
g-44p4_171p2,0.18820642552069386,0.39906631178843477,1200,0.5283830782978454,-44.4,171.2
g-44p5_167p8,1.0172522744272736,1.4382792429501812,1200,0.2927296424436343,-44.5,167.8
g-44p5_168p0,1.6984531214597869,1.8912894563361382,1200,0.10196024422930983,-44.5,168.0
g-44p5_168p1,1.2234533092610687,1.5325277778382103,1200,0.2016762586927614,-44.5,168.1
g-44p5_168p2,0.941044753595696,1.326149162122359,1200,0.2903929810658289,-44.5,168.2
g-44p5_168p3,0.7581474583992874,1.2769146111778293,1200,0.4062661263622238,-44.5,168.3
g-44p5_168p4,0.9718133509295296,1.3348078806325794,1200,0.2719451502871132,-44.5,168.4
g-44p5_168p5,0.5082562824193234,0.9911492126109078,1200,0.48720507875856234,-44.5,168.5
g-44p5_168p6,1.2235647206500984,1.4571940987293297,1200,0.16032824884684593,-44.5,168.6
g-44p5_168p7,1.2144423308817425,1.4442644819244743,1200,0.159127468631296,-44.5,168.7
g-44p5_168p8,0.7283241402087341,1.097402578626449,1200,0.33632000289234554,-44.5,168.8
g-44p5_168p9,0.7154826464441509,1.0644322664663195,1200,0.3278269844079458,-44.5,168.9
g-44p5_169p0,0.5711506297317467,0.9282833587145433,1200,0.3847238298845973,-44.5,169.0
g-44p5_169p1,0.4606672385211508,0.869763764521728,1200,0.47035360943730986,-44.5,169.1
g-44p5_169p2,0.4182323206852533,0.8969299760336678,1200,0.5337068312347784,-44.5,169.2
g-44p5_169p3,0.49229358558433783,0.8540758206617708,1200,0.42359498574390053,-44.5,169.3
g-44p5_169p4,0.17976868104473798,0.6513091925143575,1200,0.7239887243864209,-44.5,169.4
g-44p5_169p5,0.3391916416829148,0.7012574410888677,1200,0.5163093868120106,-44.5,169.5
g-44p5_169p6,0.3119043206086463,0.6656932132256528,1200,0.5314593653474444,-44.5,169.6
g-44p5_169p7,0.3020125983674193,0.6390229163474093,1200,0.527383775070708,-44.5,169.7
g-44p5_169p8,0.34419581734956856,0.6373360446995745,1200,0.4599460987463615,-44.5,169.8
g-44p5_169p9,0.21480558032125965,0.5979607433142762,1200,0.6407697616892516,-44.5,169.9
g-44p5_170p0,0.34817537895784856,0.580693175829947,1200,0.40041420590103516,-44.5,170.0
g-44p5_170p1,0.261519737392691,0.5284453099112337,1200,0.5051148482392244,-44.5,170.1
g-44p5_170p2,0.26101309893561464,0.536123329163529,1200,0.5131472839601052,-44.5,170.2
g-44p5_170p3,0.27060012322912147,0.5034365773263076,1200,0.46249411461867385,-44.5,170.3
g-44p5_170p4,0.14051331578138174,0.4428742726954321,1200,0.6827241399095364,-44.5,170.4
g-44p5_170p5,0.4518607894506268,0.6130355669852967,1200,0.26291260444687314,-44.5,170.5
g-44p5_170p6,0.2562892562818068,0.5090875838200252,1200,0.4965713868747361,-44.5,170.6
g-44p5_170p7,0.23432780155160637,0.4575235487908746,1200,0.48783444661836806,-44.5,170.7
g-44p5_170p8,0.23691250977310999,0.4724853502301129,1188,0.49858231655705876,-44.5,170.8
g-44p5_170p9,0.17238345789351944,0.4165805384920289,1200,0.5861941642364603,-44.5,170.9
g-44p5_171p0,0.2449207228643669,0.45005847001758714,1200,0.4558024363927735,-44.5,171.0
g-44p5_171p1,0.2785269073869806,0.46817219198370974,1200,0.4050759268575438,-44.5,171.1
g-44p5_171p2,0.19814043622293387,0.397916825649639,1200,0.5020556471834288,-44.5,171.2
g-44p6_167p8,0.7566056563235429,1.2315443473029881,1200,0.3856448141875961,-44.6,167.8
g-44p6_167p9,0.8502088390796981,1.4188504263618962,1200,0.4007762740292955,-44.6,167.9
g-44p6_168p0,1.4591396873751514,1.7134026534498359,1200,0.14839650537644544,-44.6,168.0
g-44p6_168p1,1.0362740283219645,1.426919052338538,1200,0.2737681744289252,-44.6,168.1
g-44p6_168p2,0.8658487997528813,1.2931946683581919,1200,0.33045749341656216,-44.6,168.2
g-44p6_168p3,0.549223955700991,1.182309802674378,1200,0.5354652778327224,-44.6,168.3
g-44p6_168p4,0.5128145570993736,1.0351576339468982,1200,0.504602448668528,-44.6,168.4
g-44p6_168p5,0.7535349753400027,1.1245330253771195,1200,0.32991298758229015,-44.6,168.5
g-44p6_168p6,0.8576665704004324,1.175522018854196,1200,0.27039514645891827,-44.6,168.6
g-44p6_168p7,0.4220668465023869,0.9720049652270972,1200,0.5657770674002924,-44.6,168.7
g-44p6_168p8,0.676541047926494,1.1055928866239264,1200,0.38807398626414713,-44.6,168.8
g-44p6_168p9,0.6905665938938316,0.9984008046425878,1200,0.3083272863135924,-44.6,168.9
g-44p6_169p0,0.30264784047617393,0.7941480372752995,1200,0.618902488867755,-44.6,169.0
g-44p6_169p1,0.4471499167817304,0.8625916705078756,1200,0.48162040966792774,-44.6,169.1
g-44p6_169p2,0.16643439412071287,0.6581290366904189,1200,0.7471097841881076,-44.6,169.2
g-44p6_169p3,0.2905741347352464,0.669073983343939,1200,0.5657070190011018,-44.6,169.3
g-44p6_169p4,0.574871513004787,0.8289570478629321,1200,0.30651230424203846,-44.6,169.4
g-44p6_169p5,0.3847991647651341,0.6371417480614037,1200,0.39605407127073144,-44.6,169.5
g-44p6_169p6,0.23115295113896328,0.6095079682332774,1200,0.6207548331008956,-44.6,169.6
g-44p6_169p7,0.334950134225475,0.6104910923059409,1200,0.45134312613750893,-44.6,169.7
g-44p6_169p8,0.2524069017584198,0.5820593501068652,1200,0.5663553867624009,-44.6,169.8
g-44p6_169p9,0.16934088268786704,0.5172827228205279,1200,0.672633793441773,-44.6,169.9
g-44p6_170p0,0.1773564528680575,0.4818102380850663,1200,0.6318956326603749,-44.6,170.0
g-44p6_170p1,0.1318822203309372,0.4102573038455639,1179,0.6785377881277586,-44.6,170.1
g-44p6_170p2,0.2598995334239884,0.4685334958850096,1200,0.44529145577294094,-44.6,170.2
g-44p6_170p3,0.18016066707626302,0.4351446807694932,1200,0.5859752513631241,-44.6,170.3
g-44p6_170p4,0.14902898773550588,0.362609750063469,1200,0.5890099819174175,-44.6,170.4
g-44p6_170p5,0.2065481739175762,0.4212179097269351,1200,0.5096405704793603,-44.6,170.5
g-44p6_170p6,0.14671921318615302,0.40648867215650775,1200,0.6390570679183338,-44.6,170.6
g-44p6_170p7,0.23453960400038418,0.4101145449814168,1197,0.4281119583042058,-44.6,170.7
g-44p6_170p8,0.11590300812641471,0.3171162958551819,1200,0.6345094539722287,-44.6,170.8
g-44p6_170p9,0.3060387373703745,0.43899640832562,1200,0.302867332018411,-44.6,170.9
g-44p6_171p0,0.2380811053566976,0.41294914873161664,1200,0.4234614453426784,-44.6,171.0
g-44p6_171p1,0.12036409795954114,0.3009980068759372,1200,0.6001166279843448,-44.6,171.1
g-44p6_171p2,0.26948871391765544,0.4381064006111895,1200,0.3848783913184113,-44.6,171.2
g-44p7_167p7,1.0376735434522304,1.389885411259408,1200,0.2534107236135603,-44.7,167.7
g-44p7_167p8,1.0966485499953256,1.484861201417322,1200,0.2614470975815394,-44.7,167.8
g-44p7_167p9,1.4026562134458123,1.6148920431577911,1200,0.13142415965897558,-44.7,167.9
g-44p7_168p0,1.1596643202118482,1.4446952617162192,1195,0.19729485453269213,-44.7,168.0
g-44p7_168p1,1.0977151303953827,1.4081107395561412,1200,0.22043408976384915,-44.7,168.1
g-44p7_168p2,0.5535226339857747,1.0610321133133644,1200,0.47831679452448606,-44.7,168.2
g-44p7_168p3,0.528777203856266,1.0483490521786734,1200,0.495609594192541,-44.7,168.3
g-44p7_168p4,0.7859692036407163,1.1783455563926448,1200,0.33298920730277015,-44.7,168.4
g-44p7_168p5,0.49542674726466773,0.8931547903812801,1200,0.4453069584353073,-44.7,168.5
g-44p7_168p6,0.8802438400701091,1.170828597956958,1200,0.24818727386220818,-44.7,168.6
g-44p7_168p7,0.5226988110856389,0.934677042591696,1200,0.44077067557336547,-44.7,168.7
g-44p7_168p8,0.498617278257071,0.8325941530009732,1200,0.4011280568571466,-44.7,168.8
g-44p7_168p9,0.6622666986578317,0.9218183377183353,1200,0.2815648468253953,-44.7,168.9
g-44p7_169p0,0.1316543522073565,0.6111494233443712,1200,0.7845791108058172,-44.7,169.0
g-44p7_169p1,0.5226232402369959,0.8111162554852372,1197,0.3556740643493269,-44.7,169.1
g-44p7_169p2,0.313001727281999,0.680717080491595,1200,0.5401882276026366,-44.7,169.2
g-44p7_169p3,0.17189933580024444,0.5641632185457275,1200,0.6953021215325625,-44.7,169.3
g-44p7_169p4,0.31062603704641506,0.5757626625072831,1200,0.46049638631701695,-44.7,169.4
g-44p7_169p5,0.12454386184350044,0.5265602965621898,1200,0.7634765426549948,-44.7,169.5
g-44p7_169p6,0.3043638433652961,0.5889425627794117,1200,0.48320284081879905,-44.7,169.6
g-44p7_169p7,0.28449202247600053,0.5499308493531619,1200,0.4826767350647361,-44.7,169.7
g-44p7_169p8,0.1931179009536874,0.5051576529350131,1200,0.617707660506271,-44.7,169.8
g-44p7_169p9,0.40142640608319985,0.5874123989464715,1200,0.3166191132445262,-44.7,169.9
g-44p7_170p0,0.2339787549610426,0.4944630074128509,1200,0.5268023058281436,-44.7,170.0
g-44p7_170p1,0.25662196487142436,0.49471484295868623,1200,0.4812729625481341,-44.7,170.1
g-44p7_170p2,0.18806483645285443,0.4391589576859648,1200,0.5717613561981891,-44.7,170.2
g-44p7_170p3,0.26425261647621073,0.44934312214919675,1200,0.41191351675241594,-44.7,170.3
g-44p7_170p4,0.15982153772600113,0.3876525083882734,1200,0.5877195832151727,-44.7,170.4
g-44p7_170p5,0.1387051789767238,0.3285055279110869,1200,0.5777691174369959,-44.7,170.5
g-44p7_170p6,0.15435971019824685,0.3820224733836949,1200,0.5959407601572921,-44.7,170.6
g-44p7_170p7,0.13187893301026382,0.34699314875993875,1200,0.6199379339864085,-44.7,170.7
g-44p7_170p8,0.27540402748111376,0.40640528745483606,1200,0.32234142620076156,-44.7,170.8
g-44p7_170p9,0.20049601946780846,0.3767868775868162,1199,0.46787950591084015,-44.7,170.9
g-44p7_171p0,0.22704148670577468,0.38478690600643556,1200,0.40995526832719875,-44.7,171.0
g-44p7_171p1,0.28585198591939126,0.39436763503123073,1200,0.27516367843736955,-44.7,171.1
g-44p7_171p2,0.23017758353937215,0.32617289578852554,1200,0.2943080601994349,-44.7,171.2
g-44p8_167p5,0.5946912154225034,1.2069995691223692,1200,0.5072979057855722,-44.8,167.5
g-44p8_167p6,1.0582152868795545,1.4925902065852037,1200,0.29102088288481154,-44.8,167.6
g-44p8_167p7,1.386571840536388,1.679586317309489,1200,0.17445633710715003,-44.8,167.7
g-44p8_167p8,1.0110304401870738,1.4519991858955472,1200,0.3036976535468908,-44.8,167.8
g-44p8_167p9,0.8805050379648987,1.2984081542724744,1200,0.3218580497453327,-44.8,167.9
g-44p8_168p0,1.0097386045617978,1.4507858717069029,1200,0.3040057638734769,-44.8,168.0
g-44p8_168p1,0.693526681400192,1.1347576111011828,1200,0.3888327563388756,-44.8,168.1
g-44p8_168p2,0.6384404158363794,1.1912917684266964,1200,0.46407720362279614,-44.8,168.2
g-44p8_168p3,0.6176208278520436,1.1162489124309893,1200,0.4466997271182316,-44.8,168.3
g-44p8_168p4,0.522768871174077,1.0255946692172437,1200,0.4902773124073806,-44.8,168.4
g-44p8_168p5,0.7980255020268641,1.1522872863073523,1200,0.3074422398738461,-44.8,168.5
g-44p8_168p6,0.601370768752338,0.9613378142410268,1200,0.37444386370350125,-44.8,168.6
g-44p8_168p7,0.5899507873816319,0.9235038430550445,1183,0.36118209813830904,-44.8,168.7
g-44p8_168p8,0.3921951982995278,0.7668890128936618,1200,0.48858936338169934,-44.8,168.8
g-44p8_168p9,0.576179103661954,0.876110528827787,1180,0.3423442765459438,-44.8,168.9
g-44p8_169p0,0.3569908530602319,0.7158308607852086,1200,0.5012916142388136,-44.8,169.0
g-44p8_169p1,0.2925373085972257,0.6758754093851894,1200,0.5671727295666334,-44.8,169.1
g-44p8_169p2,0.31979483200255443,0.6541265223159766,1200,0.5111116563959209,-44.8,169.2
g-44p8_169p3,0.28646937131865996,0.6721518567328651,1200,0.5738026036093922,-44.8,169.3
g-44p8_169p4,0.24496777216068366,0.5745454975233103,1200,0.5736320740190903,-44.8,169.4
g-44p8_169p5,0.24734807318412422,0.5711975325447816,1181,0.566965788381216,-44.8,169.5
g-44p8_169p6,0.3594241940097332,0.6198294499361267,1200,0.4201240453373556,-44.8,169.6
g-44p8_169p7,0.29449107591780244,0.5830736551278581,1200,0.49493331875331337,-44.8,169.7
g-44p8_169p8,0.18026963698477602,0.484211021217828,1200,0.6277043910909256,-44.8,169.8
g-44p8_169p9,0.22687112700588077,0.4950753686421861,1200,0.5417442648619204,-44.8,169.9
g-44p8_170p0,0.37178440470857577,0.573427090938203,1200,0.3516448549713843,-44.8,170.0
g-44p8_170p1,0.3125428867337191,0.5098503690014241,1181,0.3869909570804957,-44.8,170.1
g-44p8_170p2,0.31142721082548364,0.48628759710428615,1200,0.35958224581513043,-44.8,170.2
g-44p8_170p3,0.17692460923605638,0.39071924205558994,1200,0.5471822470138692,-44.8,170.3
g-44p8_170p4,0.13292152153808773,0.3252560570339362,1200,0.5913326787816926,-44.8,170.4
g-44p8_170p5,0.1588676254671652,0.3658771286299452,1200,0.565789679004924,-44.8,170.5
g-44p8_170p6,0.20049318205635983,0.3714519484930982,1200,0.4602446349528704,-44.8,170.6
g-44p8_170p7,0.1385832745746841,0.34700310197651035,1194,0.6006281390992718,-44.8,170.7
g-44p8_170p8,0.21649836695033828,0.39290215688757596,1200,0.4489763846924195,-44.8,170.8
g-44p8_170p9,0.10418362755126895,0.3098861382063478,1200,0.6638002972501633,-44.8,170.9
g-44p8_171p0,0.1941253633875912,0.3713311834850659,1200,0.4772177182490829,-44.8,171.0
g-44p8_171p1,0.25377605740905435,0.3787702405072673,1188,0.3300000098498096,-44.8,171.1
g-44p9_167p3,0.9846190680928568,1.4051736911363768,1193,0.29929013451953657,-44.9,167.3
g-44p9_167p4,1.1081947623361645,1.5212690427526832,1200,0.27153269330260943,-44.9,167.4
g-44p9_167p5,0.8668569952715482,1.3024521368804078,1200,0.33444234093099445,-44.9,167.5
g-44p9_167p6,0.6894059788549962,1.2861552057803298,1200,0.46397917159871604,-44.9,167.6
g-44p9_167p7,0.5144652097024498,1.1073912551564475,1200,0.5354259776687795,-44.9,167.7
g-44p9_167p8,0.6117274455802266,1.1765925755553568,1200,0.48008558077847074,-44.9,167.8
g-44p9_167p9,0.9050033015304767,1.255600707178625,1200,0.27922683034796303,-44.9,167.9
g-44p9_168p0,0.8153917883722059,1.2052663259409988,1200,0.3234758402997798,-44.9,168.0
g-44p9_168p1,0.7681565264752268,1.137191615284731,1200,0.32451442997766466,-44.9,168.1
g-44p9_168p2,0.7121618266513521,1.161860600154226,1200,0.38705054069582934,-44.9,168.2
g-44p9_168p3,0.8213892654086177,1.0976145586076502,1200,0.25165964776326477,-44.9,168.3
g-44p9_168p4,0.3004580902866692,0.7228922245589395,1200,0.5843666869290389,-44.9,168.4
g-44p9_168p5,0.3460693117147273,0.761175323453111,1200,0.5453487507388363,-44.9,168.5
g-44p9_168p6,0.4603981089484009,0.8491864752319331,1200,0.45783626756107354,-44.9,168.6
g-44p9_168p7,0.5799040560272953,0.9234601587786649,1200,0.3720313209892504,-44.9,168.7
g-44p9_168p8,0.3674041569278139,0.7209171625273302,1200,0.4903656397361944,-44.9,168.8
g-44p9_168p9,0.2411249516600357,0.6410004655537996,1181,0.6238303018208995,-44.9,168.9
g-44p9_169p0,0.32893321782448814,0.6647090986728047,1200,0.5051471109974957,-44.9,169.0
g-44p9_169p1,0.5124092926662345,0.7579760044487194,1200,0.3239768941776555,-44.9,169.1
g-44p9_169p2,0.18114396186034126,0.5549017406860366,1200,0.6735566883672248,-44.9,169.2
g-44p9_169p3,0.4351591799283199,0.6782910628399501,1200,0.35844771696335875,-44.9,169.3
g-44p9_169p4,0.22855511256329408,0.5307041291380301,1200,0.5693360951713087,-44.9,169.4
g-44p9_169p5,0.23710459604668652,0.5067497200949835,1198,0.5321071001238158,-44.9,169.5
g-44p9_169p6,0.25500164709791556,0.5072018960226948,1200,0.49723837963234774,-44.9,169.6
g-44p9_169p7,0.22417703180793444,0.47497179816787444,1200,0.5280203315804002,-44.9,169.7
g-44p9_169p8,0.23683797456724945,0.5181407882707815,1200,0.5429080668255026,-44.9,169.8
g-44p9_169p9,0.11936376249765873,0.39623798765862983,1200,0.6987573977876802,-44.9,169.9
g-44p9_170p0,0.14292148401678623,0.40170625317220887,1200,0.6442139426803577,-44.9,170.0
g-44p9_170p1,0.3054236546060119,0.4543159043478469,1200,0.32772845572193676,-44.9,170.1
g-44p9_170p2,0.22179611227321905,0.41196438286919146,1200,0.4616133784952846,-44.9,170.2
g-44p9_170p3,0.2732617439345772,0.40756379910434287,1200,0.32952400449918806,-44.9,170.3
g-44p9_170p4,0.2643746296533985,0.4333544190103809,1200,0.3899343861379536,-44.9,170.4
g-44p9_170p5,0.1299448657930231,0.34662833566777407,1200,0.6251175901627132,-44.9,170.5
g-44p9_170p6,0.1676834023383779,0.35522033748372145,1200,0.5279453774347527,-44.9,170.6
g-44p9_170p7,0.10156452922976657,0.3254212320332105,1200,0.6878982708190302,-44.9,170.7
g-44p9_170p8,0.27448491276722775,0.4300056539360959,1199,0.36167138674874366,-44.9,170.8
g-44p9_170p9,0.22269967954958128,0.40526444658947486,1200,0.45048305760911767,-44.9,170.9
g-44p9_171p0,0.16466597315079615,0.3167413604243969,1200,0.48012481562192344,-44.9,171.0
g-44p9_171p1,0.21305265666423256,0.3525619373920684,1200,0.3957014808796385,-44.9,171.1
g-45p0_167p1,1.0504672180960304,1.380521733348033,1197,0.23907955034619877,-45.0,167.1
g-45p0_167p3,0.8319685803944662,1.3387760352808982,1200,0.378560298011381,-45.0,167.3
g-45p0_167p4,1.1082714290335438,1.4600025317057346,1200,0.24091129640800013,-45.0,167.4
g-45p0_167p5,0.9326100166514247,1.4108244173244262,1200,0.3389609612654114,-45.0,167.5
g-45p0_167p6,1.0087214609214097,1.37012835393815,1200,0.26377593893152496,-45.0,167.6
g-45p0_167p7,0.5183900272320507,1.105840828443567,1200,0.5312254585846077,-45.0,167.7
g-45p0_167p8,1.2263636213045406,1.5546990999621209,1177,0.21118908389770086,-45.0,167.8
g-45p0_167p9,0.5518081236937513,1.086756798385953,1200,0.492243228187489,-45.0,167.9
g-45p0_168p0,0.8277581295248772,1.1273722394897292,1200,0.26576324967915055,-45.0,168.0
g-45p0_168p1,0.5138137774334143,0.9798763801017776,1200,0.4756340821481526,-45.0,168.1
g-45p0_168p2,0.5666504079422071,0.9697104879453158,1200,0.4156499130551202,-45.0,168.2
g-45p0_168p3,0.5829209140539945,0.9738819262649243,1200,0.40144600866591806,-45.0,168.3
g-45p0_168p4,0.4093065026694849,0.8991632900278395,1200,0.5447918001002776,-45.0,168.4
g-45p0_168p5,0.7422450869617666,1.026397691196762,1200,0.27684454736416875,-45.0,168.5
g-45p0_168p6,0.4516437617804535,0.8628970727371051,1200,0.4765960204873082,-45.0,168.6
g-45p0_168p7,0.33291087165180583,0.6874506477918476,1200,0.5157312416227331,-45.0,168.7
g-45p0_168p8,0.37991288853564525,0.7386122081463612,1176,0.48563957602449637,-45.0,168.8
g-45p0_168p9,0.3111955272689711,0.6643516024233153,1200,0.5315800757703573,-45.0,168.9
g-45p0_169p0,0.43809517736654213,0.757871535946615,1200,0.4219400563456419,-45.0,169.0
g-45p0_169p1,0.3855166370148613,0.6917877701499189,1200,0.44272412197845723,-45.0,169.1
g-45p0_169p2,0.26164939772956675,0.5913544284924864,1200,0.5575421690904083,-45.0,169.2
g-45p0_169p3,0.4318035125793605,0.6556344700480501,1200,0.34139595718981264,-45.0,169.3
g-45p0_169p4,0.18126705055953385,0.4821592373538273,1188,0.6240514823394061,-45.0,169.4
g-45p0_169p5,0.47979311636257355,0.6878400630069276,1200,0.30246413059289723,-45.0,169.5
g-45p0_169p6,0.25703626239883337,0.4999071359824465,1176,0.48583197978622417,-45.0,169.6
g-45p0_169p7,0.29487764688069645,0.5549870222434401,1200,0.46867650041850706,-45.0,169.7
g-45p0_169p8,0.1644060588627381,0.46734902387795346,1200,0.6482156793684196,-45.0,169.8
g-45p0_169p9,0.3272551899293953,0.5197287015011534,1200,0.3703345822846209,-45.0,169.9
g-45p0_170p0,0.11721679194006292,0.39099664440378545,1200,0.700210235515443,-45.0,170.0
g-45p0_170p1,0.22608541402730067,0.4089393490099497,1193,0.4471419427485813,-45.0,170.1
g-45p0_170p2,0.2221222666966848,0.43235056509884695,1200,0.4862449950865644,-45.0,170.2
g-45p0_170p3,0.13523756143176915,0.33110505098632226,1200,0.5915569362988795,-45.0,170.3
g-45p0_170p4,0.21678739123918442,0.41632851897873274,1178,0.47928767462058364,-45.0,170.4
g-45p0_170p5,0.20091481389028099,0.37779047950932637,1186,0.46818454993564473,-45.0,170.5
g-45p0_170p6,0.13284032984961774,0.32040615714834325,1182,0.5854001963260816,-45.0,170.6
g-45p0_170p7,0.3451016841514509,0.4758286632783711,1200,0.27473540207989067,-45.0,170.7
g-45p0_170p8,0.14645209282688426,0.3386876639510904,1190,0.5675895274177057,-45.0,170.8
g-45p0_170p9,0.19810964739527026,0.3841555234386275,1200,0.4842983237050341,-45.0,170.9
g-45p0_171p0,0.3604779568915047,0.46488703027833256,1200,0.2245902049027203,-45.0,171.0
g-45p0_171p1,0.28132352112303965,0.4034958349307999,1200,0.3027845723084427,-45.0,171.1
g-45p1_167p1,0.9129877427521232,1.2122649015750115,1200,0.2468743906006503,-45.1,167.1
g-45p1_167p2,0.6888328790876124,1.1620205345501502,1200,0.40721109601193206,-45.1,167.2
g-45p1_167p3,0.9032045386530143,1.3454659467268115,1200,0.32870501787853545,-45.1,167.3
g-45p1_167p4,0.7436139735005547,1.2597059171274305,1200,0.40969240249640626,-45.1,167.4
g-45p1_167p5,0.6004587615346592,1.2136507325945423,1200,0.5052458294562238,-45.1,167.5
g-45p1_167p6,0.910931711633729,1.349550915195917,1200,0.3250112304940439,-45.1,167.6
g-45p1_167p7,0.6203820977374037,1.1837415886794527,1200,0.4759142504830942,-45.1,167.7
g-45p1_167p8,0.5126263814213589,0.9979759361548349,1200,0.48633392564905953,-45.1,167.8
g-45p1_167p9,0.7001612012595303,1.0902406904396291,1200,0.3577920844458695,-45.1,167.9
g-45p1_168p0,0.8227998336821861,1.1225219635649895,1200,0.26700780885473574,-45.1,168.0
g-45p1_168p1,0.3822187977198525,0.9072068998326237,1200,0.5786861874723721,-45.1,168.1
g-45p1_168p2,0.624423135504129,0.9645500141584004,1200,0.3526275192179045,-45.1,168.2
g-45p1_168p3,0.2658133916996438,0.7153315460947919,1196,0.6284053273607206,-45.1,168.3
g-45p1_168p4,0.5332642474007223,0.8487957570065434,1200,0.3717402060521712,-45.1,168.4
g-45p1_168p5,0.23345339536860113,0.6787074254587319,1172,0.6560323541313664,-45.1,168.5
g-45p1_168p6,0.37839527754473035,0.7324734670653318,1200,0.48340070383603395,-45.1,168.6
g-45p1_168p7,0.286941874864852,0.6020442215135942,1200,0.5233873781838585,-45.1,168.7
g-45p1_168p8,0.4091623927771996,0.7047268265594417,1200,0.4194028418433027,-45.1,168.8
g-45p1_168p9,0.4092266896429654,0.6598986664026355,1200,0.37986434815239234,-45.1,168.9
g-45p1_169p0,0.3994672959019119,0.6982140284248938,1200,0.4278727157587007,-45.1,169.0
g-45p1_169p1,0.4463229144947159,0.6865221242699772,1200,0.3498783233398056,-45.1,169.1
g-45p1_169p2,0.39667824063190266,0.5957912597743173,1200,0.3341992952663282,-45.1,169.2
g-45p1_169p3,0.37268226061850956,0.559921737733918,1200,0.33440294329917053,-45.1,169.3
g-45p1_169p4,0.21871821836898508,0.5047789610580852,1200,0.5667049634744641,-45.1,169.4
g-45p1_169p5,0.22422950560384805,0.48542174862852944,1200,0.5380728073322475,-45.1,169.5
g-45p1_169p6,0.2497794881795378,0.5122046182459841,1200,0.5123443263067529,-45.1,169.6
g-45p1_169p7,0.11538757402330777,0.4309592604016264,1200,0.7322541023581348,-45.1,169.7
g-45p1_169p8,0.2408920089703749,0.47012163009804986,1200,0.4875964143148789,-45.1,169.8
g-45p1_169p9,0.25332833553509965,0.4729054937728991,1200,0.4643150928232731,-45.1,169.9
g-45p1_170p0,0.14399525643034072,0.41319220362852016,1200,0.6515053886161912,-45.1,170.0
g-45p1_170p1,0.13059003778357767,0.37413370040555793,1200,0.6509535557956444,-45.1,170.1
g-45p1_170p2,0.2698027216442386,0.433478615974697,1200,0.3775870095977526,-45.1,170.2
g-45p1_170p3,0.2536896796196593,0.4128060972861325,1200,0.38545074482313957,-45.1,170.3
g-45p1_170p4,0.20323683984164825,0.3531253575657805,1200,0.42446262924126277,-45.1,170.4
g-45p1_170p5,0.13427732840778486,0.30689611862413585,1200,0.562466514696336,-45.1,170.5
g-45p1_170p6,0.2528329480660332,0.438516314101095,1200,0.42343548019573707,-45.1,170.6
g-45p1_170p7,0.24251827300439938,0.4342291895641635,1200,0.44149707381989833,-45.1,170.7
g-45p1_170p8,0.3847586510037185,0.5128515782750522,1200,0.24976607794045835,-45.1,170.8
g-45p1_170p9,0.30373798426897697,0.422863347889106,1178,0.28171125309107925,-45.1,170.9
g-45p2_166p9,0.725390636480505,1.11867245373937,1200,0.3515611883927665,-45.2,166.9
g-45p2_167p0,0.7366848970731599,1.226841336757255,1200,0.3995271637811454,-45.2,167.0
g-45p2_167p1,0.7197311367606491,1.1764355383021756,1200,0.38821030704380066,-45.2,167.1
g-45p2_167p2,0.85534850306799,1.2864899263251572,1200,0.33513004216730824,-45.2,167.2
g-45p2_167p3,0.969555660755694,1.3866656601646294,1200,0.3008006986770083,-45.2,167.3
g-45p2_167p4,1.1067006521085416,1.382283547554786,1200,0.19936784745339808,-45.2,167.4
g-45p2_167p5,0.7512358946092567,1.1380929480694855,1200,0.33991692340809543,-45.2,167.5
g-45p2_167p6,0.6927477964140527,1.0289713141974062,1200,0.32675693981382425,-45.2,167.6
g-45p2_167p7,0.686733531906181,1.026586219202727,1200,0.33105128525929783,-45.2,167.7
g-45p2_167p8,0.4633620746782398,0.9163808663329109,1200,0.49435644970144377,-45.2,167.8
g-45p2_167p9,0.4328450980266314,0.8612568915914744,1200,0.49742625893326886,-45.2,167.9
g-45p2_168p0,0.7318186566978907,1.0538540497577438,1200,0.3055787403710043,-45.2,168.0
g-45p2_168p1,0.4437048610500758,0.8194665526784957,1200,0.4585442693179008,-45.2,168.1
g-45p2_168p2,0.4095819231904069,0.8057656667816142,1200,0.49168605703149737,-45.2,168.2
g-45p2_168p3,0.655630719025624,0.9422752101253719,1200,0.30420464002402137,-45.2,168.3
g-45p2_168p4,0.47870930054048366,0.7516306157578484,1195,0.3631056392536455,-45.2,168.4
g-45p2_168p5,0.4580882376619919,0.7432820021128943,1197,0.38369523766241465,-45.2,168.5
g-45p2_168p6,0.4221006398774816,0.6788050193541373,1200,0.3781710095793078,-45.2,168.6
g-45p2_168p7,0.5085019519128624,0.7097430602771541,1200,0.2835407905019982,-45.2,168.7
g-45p2_168p8,0.4164805186753401,0.6901824180906018,1200,0.39656457806106016,-45.2,168.8
g-45p2_168p9,0.3566585597782009,0.6073555830937919,1193,0.41276812182835687,-45.2,168.9
g-45p2_169p0,0.30930941737037043,0.5405310630472377,1200,0.4277675447056787,-45.2,169.0
g-45p2_169p1,0.4070911870393555,0.5604564317626258,1200,0.27364347348274565,-45.2,169.1
g-45p2_169p2,0.3610328238256516,0.5204549361998215,1200,0.30631299904313325,-45.2,169.2
g-45p2_169p3,0.233519227960764,0.4363961066942041,1200,0.46489158730190516,-45.2,169.3
g-45p2_169p4,0.22284098951261191,0.43350851816746094,1200,0.48595937525146815,-45.2,169.4
g-45p2_169p5,0.18499417542683316,0.4153460461087525,1200,0.5546022957002098,-45.2,169.5
g-45p2_169p6,0.18085093983575828,0.40325354748375225,1199,0.5515205235905704,-45.2,169.6
g-45p2_169p7,0.10149300659708974,0.34354661935940384,1200,0.7045728268660036,-45.2,169.7
g-45p2_169p8,0.22370991377680724,0.4262520493147895,1200,0.4751698809743523,-45.2,169.8
g-45p2_169p9,0.27284969360225614,0.4546393356177335,1200,0.3998546271155218,-45.2,169.9
g-45p2_170p0,0.28594886498480354,0.44309662202062705,1200,0.35465798930985293,-45.2,170.0
g-45p2_170p1,0.16442997083426605,0.3511000119149685,1200,0.531671987313721,-45.2,170.1
g-45p2_170p2,0.24556259149246012,0.38301757044003654,1200,0.35887382082670205,-45.2,170.2
g-45p2_170p3,0.08412182511588145,0.30723483687421926,1200,0.7261969834810087,-45.2,170.3
g-45p2_170p4,0.12905551092235037,0.3415000224097942,1200,0.622092232932606,-45.2,170.4
g-45p2_170p5,0.17859689376622662,0.3366017047750453,1200,0.469411796694301,-45.2,170.5
g-45p2_170p6,0.18204242751903532,0.3631780012572805,1200,0.49875150232441023,-45.2,170.6
g-45p2_170p7,0.241141032051614,0.395818071498846,1200,0.3907781139489559,-45.2,170.7
g-45p2_170p8,0.3010998313299292,0.4225419745128602,1200,0.28740847183984297,-45.2,170.8
g-45p2_170p9,0.29133598596407984,0.43550262650009247,1200,0.3310350656082255,-45.2,170.9
g-45p3_166p9,0.7585328641007312,1.1839336797843376,1200,0.35931135581943774,-45.3,166.9
g-45p3_167p0,0.6301353956960037,1.0748342138233904,1200,0.4137371256033133,-45.3,167.0
g-45p3_167p1,0.779589824178184,1.2036869481221462,1200,0.35233174589588234,-45.3,167.1
g-45p3_167p2,0.7979391977928226,1.186081322740453,1200,0.32724748084796074,-45.3,167.2
g-45p3_167p3,0.9129873444342324,1.2972002245190863,1200,0.29618625777473484,-45.3,167.3
g-45p3_167p4,0.7799543384837521,1.2280793465798099,1200,0.36489906726636356,-45.3,167.4
g-45p3_167p5,0.8213827702929832,1.1482478458197567,1180,0.2846642183712681,-45.3,167.5
g-45p3_167p6,0.9100680181247411,1.193030887646258,1196,0.23717983536853526,-45.3,167.6
g-45p3_167p7,0.8307836844374887,1.1222683626646175,1200,0.25972814339615935,-45.3,167.7
g-45p3_167p8,0.41361627060421324,0.8981845580926165,1200,0.5394974597619802,-45.3,167.8
g-45p3_167p9,0.5478998717398775,0.9270228831951196,1200,0.408968341912488,-45.3,167.9
g-45p3_168p0,0.6052204130852269,0.9454579521606987,1200,0.359865331184651,-45.3,168.0
g-45p3_168p1,0.5859450502741296,0.85356313599584,1200,0.3135305104401963,-45.3,168.1
g-45p3_168p2,0.5815536087887228,0.8431163248854379,1200,0.31023324822023357,-45.3,168.2
g-45p3_168p3,0.5569197256674346,0.8378705668030306,1200,0.33531532466594316,-45.3,168.3
g-45p3_168p4,0.40793197295283085,0.730850361220849,1200,0.44183926751927594,-45.3,168.4
g-45p3_168p5,0.7282498653856286,0.8356609317179149,1200,0.12853426821267722,-45.3,168.5
g-45p3_168p6,0.5138230240895899,0.7426169434888288,1200,0.30809143449429066,-45.3,168.6
g-45p3_168p7,0.4892899501871123,0.6759827355279898,1200,0.2761798127803625,-45.3,168.7
g-45p3_168p8,0.33741318853162755,0.5582691563417514,1200,0.3956084001798662,-45.3,168.8
g-45p3_168p9,0.39393427385641916,0.6181154346729939,1200,0.3626849423929608,-45.3,168.9
g-45p3_169p0,0.42554716186047653,0.6243349431455135,1200,0.3183992558281422,-45.3,169.0
g-45p3_169p1,0.2457872942789732,0.45658478904981165,1200,0.4616831305517741,-45.3,169.1
g-45p3_169p2,0.39946899350109266,0.5246660272513206,1200,0.23862233734881644,-45.3,169.2
g-45p3_169p3,0.25381733488926156,0.41834608720149846,1200,0.39328383208467976,-45.3,169.3
g-45p3_169p4,0.18505780540224112,0.37566883155299974,1200,0.5073911119077417,-45.3,169.4
g-45p3_169p5,0.20101758832511482,0.41340502362232656,1200,0.5137514620316807,-45.3,169.5
g-45p3_169p6,0.2289446629422146,0.4375416582232962,1200,0.47674773672550663,-45.3,169.6
g-45p3_169p7,0.17910125534015972,0.39183021123055367,1200,0.5429110614577491,-45.3,169.7
g-45p3_169p8,0.10725942122198956,0.34510246386220467,1189,0.689195434823621,-45.3,169.8
g-45p3_169p9,0.2363085151692401,0.4455384878330278,1187,0.4696114440784289,-45.3,169.9
g-45p3_170p0,0.1968032883608255,0.40308951707989105,1185,0.5117628218502648,-45.3,170.0
g-45p3_170p1,0.21788537321348278,0.40122393287718294,1200,0.4569482143026129,-45.3,170.1
g-45p3_170p2,0.08811209017827967,0.2884786716538171,1200,0.6945628955057837,-45.3,170.2
g-45p3_170p3,0.11709251918241372,0.33884882581730685,1200,0.6544402392424251,-45.3,170.3
g-45p3_170p4,0.2626483237497646,0.40312124729785154,1197,0.3484632092445791,-45.3,170.4
g-45p3_170p5,0.1654786894380256,0.3504143315646797,1200,0.5277627809937864,-45.3,170.5
g-45p3_170p6,0.14677552704461957,0.3334230111821715,1198,0.559791849626041,-45.3,170.6
g-45p3_170p7,0.14463731586117867,0.34682031624174364,1200,0.5829618131125791,-45.3,170.7
g-45p4_166p9,0.9119542175182691,1.189985158718191,1200,0.23364236029582663,-45.4,166.9
g-45p4_167p0,0.7080198306000497,1.1519935360892366,1200,0.3853960040404215,-45.4,167.0
g-45p4_167p1,0.6359916334634924,1.0291955724327515,1200,0.38204977703103304,-45.4,167.1
g-45p4_167p2,0.9313032813360034,1.2288685057281206,1200,0.2421456998898397,-45.4,167.2
g-45p4_167p3,0.7969940101546673,1.195643321248459,1192,0.3334182561046154,-45.4,167.3
g-45p4_167p4,0.7132078438354743,1.0887757679835584,1200,0.3449451532556109,-45.4,167.4
g-45p4_167p5,0.6822664167847584,1.1052051960863174,1200,0.3826789638695538,-45.4,167.5
g-45p4_167p6,0.7099552011070199,1.0667596842022613,1200,0.33447503536100076,-45.4,167.6
g-45p4_167p7,0.4168490885669755,0.815137923641295,1176,0.48861526807037414,-45.4,167.7
g-45p4_167p8,0.4103260356355803,0.8300928533356636,1200,0.5056865819447584,-45.4,167.8
g-45p4_167p9,0.5622911887710064,0.90591088719666,1200,0.3793084985312235,-45.4,167.9
g-45p4_168p0,0.28418431787330234,0.716494599400709,1200,0.6033685137180378,-45.4,168.0
g-45p4_168p1,0.34197504100757276,0.6884923242513711,1200,0.5032986876369061,-45.4,168.1
g-45p4_168p2,0.6655149042582221,0.8838553113878395,1200,0.2470318436925799,-45.4,168.2
g-45p4_168p3,0.6037919615139231,0.7776033234146114,1200,0.22352188663166694,-45.4,168.3
g-45p4_168p4,0.27352567358470414,0.5716704242303967,1200,0.5215325789279124,-45.4,168.4
g-45p4_168p5,0.21359595563663084,0.541848890298667,1200,0.6058016183831312,-45.4,168.5
g-45p4_168p6,0.25915424031785217,0.5601685071126925,1194,0.5373637806708821,-45.4,168.6
g-45p4_168p7,0.3212176826066751,0.5318416138893615,1200,0.3960275498985347,-45.4,168.7
g-45p4_168p8,0.38570812114349606,0.5516108843156448,1200,0.3007604960115603,-45.4,168.8
g-45p4_168p9,0.40185373701096394,0.5276465047476813,1200,0.23840348908758713,-45.4,168.9
g-45p4_169p0,0.35092725268607733,0.49553091266502935,1200,0.29181561893132935,-45.4,169.0
g-45p4_169p1,0.33549636330043464,0.4644422308984983,1179,0.27763596636896737,-45.4,169.1
g-45p4_169p2,0.2604513593461357,0.4206618661930164,1200,0.380853411545913,-45.4,169.2
g-45p4_169p3,0.35462589380209225,0.46098184973777584,1200,0.23071614640833027,-45.4,169.3
g-45p4_169p4,0.2510890416506678,0.397387550108613,1184,0.36815070934647864,-45.4,169.4
g-45p4_169p5,0.1854012017478481,0.3542514952691272,1200,0.4766396071045583,-45.4,169.5
g-45p4_169p6,0.23469134848071824,0.3590496016681815,1200,0.34635396505018246,-45.4,169.6
g-45p4_169p7,0.19225002455654067,0.33860441378628214,1200,0.4322282382358913,-45.4,169.7
g-45p4_169p8,0.1335994833531901,0.3005696411166961,1200,0.5555123835633149,-45.4,169.8
g-45p4_169p9,0.14086002227067976,0.31768921806011347,1200,0.5566106299395213,-45.4,169.9
g-45p4_170p0,0.15953586054369348,0.3281016441155225,1200,0.513760862205488,-45.4,170.0
g-45p4_170p1,0.19100836040615554,0.3330023917817145,1186,0.42640543996043445,-45.4,170.1
g-45p4_170p2,0.3135777392665874,0.4216246245801449,1200,0.2562632232905061,-45.4,170.2
g-45p4_170p3,0.11725941431180267,0.3351019554305822,1200,0.6500783943169396,-45.4,170.3
g-45p4_170p4,0.14771610246013134,0.33626299461349846,1200,0.5607125826321846,-45.4,170.4
g-45p4_170p5,0.1954159722471345,0.34815694332588465,1200,0.4387129827704752,-45.4,170.5
g-45p4_170p6,0.3023945231320857,0.41579662199287365,1200,0.272734536219324,-45.4,170.6
g-45p4_170p7,0.20650179032969304,0.35181305496332543,1200,0.4130354532999928,-45.4,170.7
g-45p4_170p8,0.21474557437222913,0.3783343957612912,1200,0.43239214626490863,-45.4,170.8
g-45p4_170p9,0.14836754242009195,0.2526726359563569,1200,0.41280724025169524,-45.4,170.9
g-45p5_166p7,0.9997045740654985,1.272950553195551,1200,0.21465561128365085,-45.5,166.7
g-45p5_166p8,0.8149032241763244,1.1653255418844382,1182,0.3007076607464114,-45.5,166.8
g-45p5_166p9,0.6364332977623007,1.0515006900691186,1186,0.3947381073801617,-45.5,166.9
g-45p5_167p0,0.9859088712692171,1.2271427139185551,1189,0.19658173406662838,-45.5,167.0
g-45p5_167p1,0.7039985362339681,1.0914236346647763,1200,0.354972245538556,-45.5,167.1
g-45p5_167p2,0.7510447990468124,1.127137173602047,1200,0.33367045588012856,-45.5,167.2
g-45p5_167p3,0.6207050750398767,1.0372412341538195,1200,0.40158079470659747,-45.5,167.3
g-45p5_167p4,0.7612608224841869,1.0764683305146172,1200,0.29281633197675394,-45.5,167.4
g-45p5_167p5,0.524478487207416,0.912087377247711,1200,0.4249690322542701,-45.5,167.5
g-45p5_167p6,0.7944098636564404,1.0976369108228634,1200,0.2762544190857279,-45.5,167.6
g-45p5_167p7,0.5673605955969351,0.9570515486660103,1200,0.4071786453010262,-45.5,167.7
g-45p5_167p8,0.5457591363392263,0.9030266097327694,1200,0.3956333839367905,-45.5,167.8
g-45p5_167p9,0.48684398169778004,0.832666184726615,1192,0.4153191391366241,-45.5,167.9
g-45p5_168p0,0.5674487693505873,0.8394345109475155,1200,0.3240106739118017,-45.5,168.0
g-45p5_168p1,0.5210816139085682,0.8121165735352164,1200,0.35836598969991074,-45.5,168.1
g-45p5_168p2,0.3458738188482721,0.6675283229894315,1200,0.4818589609811237,-45.5,168.2
g-45p5_168p3,0.4024360884293018,0.6413845700025559,1200,0.3725510290531341,-45.5,168.3
g-45p5_168p4,0.39338170155985613,0.613951601049242,1200,0.3592626831047143,-45.5,168.4
g-45p5_168p5,0.290401943266586,0.5409922970163946,1200,0.46320503107314026,-45.5,168.5
g-45p5_168p6,0.461797914258285,0.6524576754956534,1187,0.2922178225469255,-45.5,168.6
g-45p5_168p7,0.39049518285421686,0.5790553912085792,1200,0.3256341469523454,-45.5,168.7
g-45p5_168p8,0.43730086706474935,0.5971314841213946,1200,0.26766402594198546,-45.5,168.8
g-45p5_168p9,0.20359813477306207,0.4384329920774326,1200,0.5356231432120324,-45.5,168.9
g-45p5_169p0,0.3108392913406489,0.45957806391020617,1200,0.32364201916873536,-45.5,169.0
g-45p5_169p1,0.3784865985747991,0.49233468832758565,1200,0.23124125204242207,-45.5,169.1
g-45p5_169p2,0.3811091445093555,0.48331677961784103,1200,0.21147131533339514,-45.5,169.2
g-45p5_169p3,0.2079742732201644,0.37866785649054996,1200,0.45077389153743863,-45.5,169.3
g-45p5_169p4,0.19326710196122196,0.38092860793539635,1200,0.49264219610935833,-45.5,169.4
g-45p5_169p5,0.16458333293359367,0.36922675574353586,1200,0.5542486280492822,-45.5,169.5
g-45p5_169p6,0.16299295558325924,0.3244597374911731,1200,0.49764813087881676,-45.5,169.6
g-45p5_169p7,0.10562743691897958,0.28851287002381587,1183,0.633890034402069,-45.5,169.7
g-45p5_169p8,0.14740345506568414,0.28465620092271515,1200,0.4821702299550308,-45.5,169.8
g-45p5_169p9,0.17280086526812746,0.3083825897766898,1200,0.439654276873223,-45.5,169.9
g-45p5_170p0,0.13294055859540396,0.3318452237841363,1200,0.5993898689291333,-45.5,170.0
g-45p5_170p1,0.08122601169037537,0.3066559713302801,1200,0.7351233327105446,-45.5,170.1
g-45p5_170p2,0.17474682921391735,0.3183967395327412,1170,0.4511663986560771,-45.5,170.2
g-45p5_170p3,0.21555243522964787,0.3534220980417703,1190,0.3900991578512668,-45.5,170.3
g-45p5_170p4,0.2513672710248253,0.38084441516703615,1200,0.33997385542708536,-45.5,170.4
g-45p5_170p5,0.21797939473027583,0.3705499344241495,1200,0.41174083576880094,-45.5,170.5
g-45p5_170p6,0.19739201279670207,0.3546474996457497,1200,0.44341349369762084,-45.5,170.6
g-45p5_170p7,0.17369243015770977,0.3377901898758738,1177,0.48579788471199903,-45.5,170.7
g-45p6_166p7,0.6901986911816027,1.015218830006197,1200,0.3201478629219381,-45.6,166.7
g-45p6_166p8,0.482554533052194,0.9825305695645511,1200,0.5088656292230602,-45.6,166.8
g-45p6_166p9,0.9187747721068221,1.2071260563408335,1200,0.2388742109569666,-45.6,166.9
g-45p6_167p0,0.8576639553994878,1.119067151354005,1200,0.23359026814274253,-45.6,167.0
g-45p6_167p1,0.9322114616101387,1.2068822432185213,1200,0.22758706008954843,-45.6,167.1
g-45p6_167p2,0.5661335160003137,0.9572525615415847,1200,0.4085850080269334,-45.6,167.2
g-45p6_167p3,0.3152405005068193,0.8993537610008692,1200,0.6494810894480547,-45.6,167.3
g-45p6_167p4,0.5593330172722429,0.9705596865465244,1200,0.4237005461637511,-45.6,167.4
g-45p6_167p5,0.703152098220051,0.9583661240255515,1183,0.26630117593628144,-45.6,167.5
g-45p6_167p6,0.3555082592369018,0.828503009880272,1200,0.570902875430378,-45.6,167.6
g-45p6_167p7,0.4324774642376841,0.8259435006525988,1200,0.4763837188670016,-45.6,167.7
g-45p6_167p8,0.7332899136552832,0.9343583926418796,1200,0.21519417021350806,-45.6,167.8
g-45p6_167p9,0.5204208744540325,0.8151739832665771,1200,0.36158306676006224,-45.6,167.9
g-45p6_168p0,0.38055214437836754,0.6876583187856401,1200,0.4465970468438484,-45.6,168.0
g-45p6_168p1,0.4405498509697709,0.6870618143289661,1200,0.3587915355184693,-45.6,168.1
g-45p6_168p2,0.34910718412006236,0.6271976505980517,1200,0.44338569542284123,-45.6,168.2
g-45p6_168p3,0.28221099510616826,0.5776360034166524,1200,0.5114380103786438,-45.6,168.3
g-45p6_168p4,0.3165736308267498,0.5748043497341374,1200,0.4492497647709631,-45.6,168.4
g-45p6_168p5,0.15861670633615302,0.4584692984431361,1200,0.6540298186273726,-45.6,168.5
g-45p6_168p6,0.2573706776325958,0.5113977378653363,1200,0.49673090321653335,-45.6,168.6
g-45p6_168p7,0.2743681303126977,0.4861667562322691,1200,0.4356501616050098,-45.6,168.7
g-45p6_168p8,0.2914303614666935,0.5190786752694597,1200,0.4385622539484817,-45.6,168.8
g-45p6_168p9,0.3213718772694134,0.5343761977258449,1200,0.3986036828790618,-45.6,168.9
g-45p6_169p0,0.2543177378148984,0.42155459569845644,1186,0.39671458831203144,-45.6,169.0
g-45p6_169p1,0.2055328824400756,0.3890765671152622,1200,0.4717418117365382,-45.6,169.1
g-45p6_169p2,0.3831407642413656,0.4788112061067174,1200,0.19980827650894362,-45.6,169.2
g-45p6_169p3,0.1694195714591035,0.35511256572480004,1200,0.5229130483926672,-45.6,169.3
g-45p6_169p4,0.1594526970552473,0.337243382376365,1193,0.5271880624263889,-45.6,169.4
g-45p6_169p5,0.1565557803666795,0.3397241072713708,1200,0.5391678805954647,-45.6,169.5
g-45p6_169p6,0.13083605463541684,0.3131061326758936,1200,0.5821351261399612,-45.6,169.6
g-45p6_169p7,0.1642690591717437,0.3317126185928161,1200,0.5047850158109684,-45.6,169.7
g-45p6_169p8,0.1858799404436137,0.33648263724520805,1200,0.4475793997413432,-45.6,169.8
g-45p6_169p9,0.13723647876276335,0.3142097009594242,1200,0.5632328399036746,-45.6,169.9
g-45p6_170p0,0.22265962225930652,0.39181597985029726,1177,0.4317239885305878,-45.6,170.0
g-45p6_170p1,0.211816676107781,0.3618589418179666,1200,0.4146429682140188,-45.6,170.1
g-45p6_170p2,0.2885025161848381,0.400116483780245,1200,0.27895368503915074,-45.6,170.2
g-45p6_170p3,0.10221532412828234,0.2849429325728367,1200,0.6412779106140694,-45.6,170.3
g-45p6_170p4,0.31806262373384253,0.4284674900605036,1191,0.25767384664603343,-45.6,170.4
g-45p6_170p5,0.2125185157361239,0.35259408006444576,1200,0.39727145816719156,-45.6,170.5
g-45p6_170p6,0.16611734520701424,0.31562019023132665,1181,0.47367959861736886,-45.6,170.6
g-45p6_170p7,0.14952768756952517,0.2994279753478865,1200,0.5006221867018326,-45.6,170.7
g-45p7_166p6,0.7011782749642529,1.0931644155364484,1200,0.35857930884059763,-45.7,166.6
g-45p7_166p7,0.5498559254093274,0.9287633818853647,1200,0.4079698487970804,-45.7,166.7
g-45p7_166p8,0.5913603471031114,0.9661728643051659,1200,0.387935255738739,-45.7,166.8
g-45p7_166p9,0.8406599932071714,1.1631055727414787,1200,0.27722812708591216,-45.7,166.9
g-45p7_167p0,0.8503412148596573,1.1308812295272945,1200,0.24807204093828872,-45.7,167.0
g-45p7_167p1,0.6056956491682448,0.9469354335172102,1200,0.36036225097364416,-45.7,167.1
g-45p7_167p2,0.7705654371718593,1.0095514338447997,1198,0.23672493412522866,-45.7,167.2
g-45p7_167p3,0.7989308540293366,1.0350026359579836,1200,0.22808809729275936,-45.7,167.3
g-45p7_167p4,0.5411910716566427,0.8835165660331646,1200,0.38745792386610667,-45.7,167.4
g-45p7_167p5,0.4961990204984164,0.8715685977584993,1200,0.4306827692340667,-45.7,167.5
g-45p7_167p6,0.6599560042709071,0.9086081831669435,1200,0.2736627112793131,-45.7,167.6
g-45p7_167p7,0.3149915562863833,0.6788686074440679,1200,0.5360051225931293,-45.7,167.7
g-45p7_167p8,0.30919705681634885,0.6921057727544879,1200,0.5532517297380917,-45.7,167.8
g-45p7_167p9,0.3774230377423631,0.6737911806255579,1200,0.4398516208063783,-45.7,167.9
g-45p7_168p0,0.41216153072861794,0.7494839084169856,1181,0.4500728753481039,-45.7,168.0
g-45p7_168p1,0.519673203102383,0.749840540154837,1200,0.3069550454086225,-45.7,168.1
g-45p7_168p2,0.35628448586264677,0.6285739240500455,1200,0.4331860227878619,-45.7,168.2
g-45p7_168p3,0.31526656102773654,0.5910372083556528,1200,0.4665876249909008,-45.7,168.3
g-45p7_168p4,0.1811955073449972,0.5044580026219289,1200,0.6408115117547337,-45.7,168.4
g-45p7_168p5,0.3542848934840371,0.5749389232772713,1200,0.3837869047645277,-45.7,168.5
g-45p7_168p6,0.28521172630988967,0.5169709947161998,1200,0.4483022660362955,-45.7,168.6
g-45p7_168p7,0.29841029431951166,0.5359828154913461,1200,0.44324652639105033,-45.7,168.7
g-45p7_168p8,0.2330681850471026,0.46970794496592133,1200,0.5038019102188864,-45.7,168.8
g-45p7_168p9,0.29298972558551317,0.4978100702430432,1200,0.41144275076141323,-45.7,168.9
g-45p7_169p0,0.24066863119343357,0.46281871270077923,1200,0.47999373277495316,-45.7,169.0
g-45p7_169p1,0.2689011559370689,0.46760686963641396,1200,0.42494181886987237,-45.7,169.1
g-45p7_169p2,0.4185788444384884,0.5492596590549995,1200,0.23792174149717682,-45.7,169.2
g-45p7_169p3,0.21725406524120378,0.42886351260822264,1200,0.49341909755873614,-45.7,169.3
g-45p7_169p4,0.24405246034232667,0.4139620225597173,1200,0.410447222106902,-45.7,169.4
g-45p7_169p5,0.2879325552939047,0.39296655523435525,1200,0.26728483261841696,-45.7,169.5
g-45p7_169p6,0.312993469913353,0.43194694898091257,1200,0.275389094304764,-45.7,169.6
g-45p7_169p7,0.23143143837969699,0.38692134017900875,1200,0.4018643730722491,-45.7,169.7
g-45p7_169p8,0.21749903893931433,0.3611787214052553,1200,0.3978077166531837,-45.7,169.8
g-45p7_169p9,0.1441430638091231,0.32412255138469237,1200,0.555282212874958,-45.7,169.9
g-45p7_170p0,0.13337439559552688,0.3295452688479175,1200,0.5952774680644008,-45.7,170.0
g-45p7_170p1,0.23466624839697614,0.39234492364180296,1199,0.40188789440992456,-45.7,170.1
g-45p7_170p2,0.22523508772154244,0.3558573549551268,1200,0.3670635590770793,-45.7,170.2
g-45p7_170p3,0.22025660174149403,0.3848307852167636,1200,0.4276533733718052,-45.7,170.3
g-45p7_170p4,0.20779865812688694,0.36730976183277864,1200,0.4342686208773038,-45.7,170.4
g-45p7_170p5,0.16006270182817156,0.3117071736541887,1200,0.4864965732044818,-45.7,170.5
g-45p8_166p6,0.6626099889350504,1.0839694275287912,1200,0.3887189323727943,-45.8,166.6
g-45p8_166p7,0.8965771452330191,1.1923935233584295,1200,0.24808620000906279,-45.8,166.7
g-45p8_166p8,0.8326929847962166,1.119501852784306,1200,0.25619329461114226,-45.8,166.8
g-45p8_166p9,0.6911601291563139,1.0362709331481408,1200,0.3330314427940163,-45.8,166.9
g-45p8_167p0,0.5091397809719105,0.9145129403844475,1200,0.4432667286721216,-45.8,167.0
g-45p8_167p1,0.6788887574521743,1.0139719487245504,1200,0.33046593812961866,-45.8,167.1
g-45p8_167p2,0.6266954909415305,1.0240005391354983,1200,0.38799300684879356,-45.8,167.2
g-45p8_167p3,0.4191688659707562,0.8366432734159752,1200,0.4989873470693078,-45.8,167.3
g-45p8_167p4,0.6152772592394383,0.910591135766978,1200,0.32431007169732773,-45.8,167.4
g-45p8_167p5,0.5066359823202303,0.8675310007280981,1200,0.41600244614310866,-45.8,167.5
g-45p8_167p6,0.3142755959402562,0.743025382158036,1200,0.5770324897549568,-45.8,167.6
g-45p8_167p7,0.5535161994389177,0.837709974028791,1200,0.33925079490590604,-45.8,167.7
g-45p8_167p8,0.7735314244137633,0.8877132429881099,1186,0.12862466508892212,-45.8,167.8
g-45p8_167p9,0.41337220402702796,0.7215307125107696,1200,0.42708993968034603,-45.8,167.9
g-45p8_168p0,0.5643976694952008,0.7638368654499451,1200,0.2611018202653297,-45.8,168.0
g-45p8_168p1,0.4128247755232231,0.677193742209735,1200,0.39038896878145357,-45.8,168.1
g-45p8_168p2,0.3108876680584008,0.5944297481375928,1172,0.4769984694870292,-45.8,168.2
g-45p8_168p3,0.6372400902901422,0.7450105076407393,1200,0.14465623806015693,-45.8,168.3
g-45p8_168p4,0.5446589184838319,0.7091575331753119,1200,0.23196343124908203,-45.8,168.4
g-45p8_168p5,0.2969172870815402,0.5288045117662599,1200,0.43851219028028565,-45.8,168.5
g-45p8_168p6,0.3390331187032046,0.577210916110004,1200,0.4126356428113841,-45.8,168.6
g-45p8_168p7,0.2686508222469519,0.547388859259275,1200,0.5092139386788226,-45.8,168.7
g-45p8_168p8,0.22567792809350037,0.4751177827408537,1200,0.5250063536001277,-45.8,168.8
g-45p8_168p9,0.18323312128839875,0.41400936828460544,1200,0.557417934653021,-45.8,168.9
g-45p8_169p0,0.23793093345059754,0.4660690120252376,1185,0.48949420083368766,-45.8,169.0
g-45p8_169p1,0.24405633229236623,0.4488076210767031,1200,0.45621170222807783,-45.8,169.1
g-45p8_169p2,0.24828259642492914,0.4146190996343891,1200,0.40117906617455734,-45.8,169.2
g-45p8_169p3,0.3698761042554048,0.48568774745023496,1200,0.2384487642581442,-45.8,169.3
g-45p8_169p4,0.2062606656699737,0.3656015587504953,1200,0.435832094439356,-45.8,169.4
g-45p8_169p5,0.23670030693816183,0.3752297461514051,1200,0.36918565394691993,-45.8,169.5
g-45p8_169p6,0.22276714451498275,0.3783641725592315,1200,0.411236156404028,-45.8,169.6
g-45p8_169p7,0.306933185316171,0.4098217973439023,1200,0.25105695376518067,-45.8,169.7
g-45p8_169p8,0.28962960470555593,0.39406235170861087,1200,0.2650157939479528,-45.8,169.8
g-45p8_169p9,0.17737289030329073,0.325468926354361,1183,0.4550235800078427,-45.8,169.9
g-45p8_170p0,0.2745810999274349,0.3887969023512996,1195,0.29376726443325507,-45.8,170.0
g-45p8_170p1,0.10720983348009232,0.34874768132499107,1200,0.6925862472468007,-45.8,170.1
g-45p8_170p2,0.16092867749667705,0.33511504747439175,1200,0.5197808074882861,-45.8,170.2
g-45p8_170p3,0.2767028810303848,0.3932743370812386,1200,0.29641256766462654,-45.8,170.3
g-45p8_170p4,0.2346388333013023,0.3788992315515255,1200,0.3807355260645484,-45.8,170.4
g-45p8_170p5,0.23250059522916067,0.3544010882840181,1200,0.3439619602893714,-45.8,170.5
g-45p8_170p6,0.19723044449980973,0.34851703102871473,1176,0.43408663869984687,-45.8,170.6
g-45p9_166p5,0.8752018220152058,1.1647604066224833,1191,0.24859926810778676,-45.9,166.5
g-45p9_166p6,0.7475243205907381,0.9870851215254516,1200,0.24269517968672616,-45.9,166.6
g-45p9_166p7,0.8782254821446756,1.0700098674884067,1200,0.17923609040531496,-45.9,166.7
g-45p9_166p8,0.7637930867561595,1.0211162666712577,1200,0.2520018418215463,-45.9,166.8
g-45p9_166p9,0.5039592605880706,0.8703412748159219,1200,0.4209636206272551,-45.9,166.9
g-45p9_167p0,0.6176214606980573,0.9643689123242843,1194,0.35955892728904937,-45.9,167.0
g-45p9_167p1,0.6386387102522537,0.9567128379301478,1200,0.33246562089210463,-45.9,167.1
g-45p9_167p2,0.4428648042994809,0.806692280645651,1192,0.4510114762161529,-45.9,167.2
g-45p9_167p3,0.8260575478314262,1.0016885870943466,1200,0.1753349708938814,-45.9,167.3
g-45p9_167p4,0.6104374600494566,0.8491691648168489,1200,0.28113562604323084,-45.9,167.4
g-45p9_167p5,0.5087151677769532,0.7762136142576734,1200,0.34461962733871976,-45.9,167.5
g-45p9_167p6,0.513318557242636,0.8304276077418278,1200,0.38186236529575746,-45.9,167.6
g-45p9_167p7,0.38799776423240034,0.7343543330324369,1195,0.4716477498945155,-45.9,167.7
g-45p9_167p8,0.4128780864412747,0.7133574312676986,1200,0.4212184967253313,-45.9,167.8
g-45p9_167p9,0.16031155562872057,0.5553761616100867,1200,0.7113459908614684,-45.9,167.9
g-45p9_168p0,0.34859178983631633,0.638560892593426,1200,0.454097809810182,-45.9,168.0
g-45p9_168p1,0.3345458595727287,0.6243103977511166,1177,0.4641353711586004,-45.9,168.1
g-45p9_168p2,0.40358385991850687,0.6324151777445028,1200,0.3618371694400484,-45.9,168.2
g-45p9_168p3,0.35671985996134625,0.5922583099920302,1200,0.3976954751953645,-45.9,168.3
g-45p9_168p4,0.34784515123251336,0.611228545201011,1200,0.4309082028914084,-45.9,168.4
g-45p9_168p5,0.2880145458158437,0.5081143942847848,1200,0.43316987462784007,-45.9,168.5
g-45p9_168p6,0.3714781642693952,0.5560430909631153,1200,0.33192558219550494,-45.9,168.6
g-45p9_168p7,0.40273164414721957,0.6001261758509403,1200,0.32892171621047517,-45.9,168.7
g-45p9_168p8,0.40682591036954,0.560624600276351,1200,0.2743345365704579,-45.9,168.8
g-45p9_168p9,0.22006667916037628,0.4516275442521564,1187,0.5127252933060548,-45.9,168.9
g-45p9_169p0,0.22485364445938255,0.4803484509155775,1200,0.5318947234433755,-45.9,169.0
g-45p9_169p1,0.25961950092348746,0.46295956474108,1200,0.43921776177432437,-45.9,169.1
g-45p9_169p2,0.2284447900527552,0.4492100426293784,1188,0.49145217521053064,-45.9,169.2
g-45p9_169p3,0.2309631002985724,0.4189695489158233,1200,0.4487353534493361,-45.9,169.3
g-45p9_169p4,0.2848529230996709,0.43834650500211864,1200,0.35016494976207424,-45.9,169.4
g-45p9_169p5,0.16808614168860372,0.3944219089656447,1200,0.5738417723056948,-45.9,169.5
g-45p9_169p6,0.27623848277779073,0.4634202355534459,1200,0.4039136369436066,-45.9,169.6
g-45p9_169p7,0.19942675713123736,0.36913656219063945,1200,0.4597480240165318,-45.9,169.7
g-45p9_169p8,0.17384702714264313,0.37439503791276363,1200,0.535658837489319,-45.9,169.8
g-45p9_169p9,0.3083238838571578,0.4627258290226261,1200,0.33367911510709813,-45.9,169.9
g-45p9_170p0,0.1782046594095405,0.4077626161370426,1200,0.5629695995729812,-45.9,170.0
g-45p9_170p1,0.2499527428318709,0.3686746377063294,1200,0.3220234937045692,-45.9,170.1
g-45p9_170p2,0.1337323085079499,0.32425393324811014,1200,0.5875692018032619,-45.9,170.2
g-45p9_170p3,0.2709220152723097,0.4220022426658793,1185,0.35800811493124585,-45.9,170.3
g-45p9_170p5,0.38293972255773945,0.4567738448580106,1200,0.1616426227802572,-45.9,170.5
g-45p9_170p6,0.15665212064937262,0.2544873612079149,1200,0.3844404692404797,-45.9,170.6
g-46p0_166p7,0.5946350380145888,0.8842479938423882,1200,0.32752458342520263,-46.0,166.7
g-46p0_166p8,0.8279237300262057,1.0274697955170025,1200,0.19421112558388065,-46.0,166.8
g-46p0_166p9,0.47520878273306466,0.8491705435514451,1200,0.44038475387332454,-46.0,166.9
g-46p0_167p0,0.5981887136413843,0.9139026098310327,1200,0.34545682744906414,-46.0,167.0
g-46p0_167p1,0.6023741815034611,0.8983978403902924,1200,0.32950174808771715,-46.0,167.1
g-46p0_167p2,0.422725119055135,0.835439190515317,1200,0.4940085121044071,-46.0,167.2
g-46p0_167p3,0.6607253687015429,0.9586817419327175,1200,0.31079800542616975,-46.0,167.3
g-46p0_167p4,0.4780795128131279,0.834252853152963,1200,0.42693691606054307,-46.0,167.4
g-46p0_167p5,0.4946583062894058,0.7733510290257012,1200,0.36037027465703864,-46.0,167.5
g-46p0_167p6,0.4328980785540194,0.782462648510312,1200,0.44674920984638633,-46.0,167.6
g-46p0_167p7,0.3310426204095696,0.681917538967294,1200,0.5145415662560822,-46.0,167.7
g-46p0_167p8,0.43446978609111575,0.6905008999341204,1177,0.37079041297039905,-46.0,167.8
g-46p0_167p9,0.221009360059914,0.562233530486313,1200,0.6069082541755408,-46.0,167.9
g-46p0_168p0,0.4401876564195211,0.6873631561609606,1200,0.35959957633160966,-46.0,168.0
g-46p0_168p1,0.30624770632493387,0.5938979120661194,1200,0.4843428473093555,-46.0,168.1
g-46p0_168p2,0.39954480113416435,0.6277310978233194,1200,0.36350962614469695,-46.0,168.2
g-46p0_168p3,0.44816953523491215,0.688682141622218,1200,0.3492360144852441,-46.0,168.3
g-46p0_168p4,0.39894093958624555,0.5985950744866083,1200,0.3335378846402943,-46.0,168.4
g-46p0_168p5,0.2756670293435904,0.5821631224903588,1200,0.5264780287621951,-46.0,168.5
g-46p0_168p6,0.21456589270318138,0.5293093362667908,1200,0.5946304400815774,-46.0,168.6
g-46p0_168p7,0.2921304095650419,0.5444573395497476,1200,0.46344664982085404,-46.0,168.7
g-46p0_168p8,0.34637859465053666,0.5662669921231767,1200,0.388312228209143,-46.0,168.8
g-46p0_168p9,0.23468409240620866,0.46332508974398173,1200,0.4934785583576158,-46.0,168.9
g-46p0_169p0,0.18328734292760596,0.4801571690233175,1182,0.6182763587588856,-46.0,169.0
g-46p0_169p1,0.20292255388529937,0.4411294310524439,1200,0.5399931639084521,-46.0,169.1
g-46p0_169p2,0.28134733293762765,0.46222382380316657,1200,0.3913179752988314,-46.0,169.2
g-46p0_169p3,0.18039703549172606,0.4074909339876225,1200,0.5572980391823745,-46.0,169.3
g-46p0_169p4,0.35147642646108324,0.5260490387026221,1200,0.33185615674173974,-46.0,169.4
g-46p0_169p5,0.3164906575901171,0.49913596308169267,1200,0.3659229528642126,-46.0,169.5
g-46p0_169p6,0.24922860531980637,0.4243492953122283,1200,0.41268052504616837,-46.0,169.6
g-46p0_169p7,0.16641741336848917,0.3917963431325431,1200,0.5752451081142662,-46.0,169.7
g-46p0_169p8,0.19762381379101668,0.4180530967159818,1200,0.5272758045725494,-46.0,169.8
g-46p0_169p9,0.2493254634953089,0.4162978186116864,1200,0.4010887101768018,-46.0,169.9
g-46p0_170p0,0.28772527443819895,0.442823523649325,1200,0.35024844193676896,-46.0,170.0
g-46p0_170p1,0.2937122048176433,0.40859645790110033,1200,0.28116801029945404,-46.0,170.1
g-46p0_170p2,0.2238741069816876,0.3558305896166712,1200,0.3708407497431222,-46.0,170.2
g-46p1_166p7,0.7444418756538169,1.0133331667942305,1200,0.2653532914461638,-46.1,166.7
g-46p1_166p8,0.5976254183313682,0.918831220115535,1200,0.3495808531013759,-46.1,166.8
g-46p1_166p9,0.8226698169308256,1.0385878376887938,1191,0.20789577243505775,-46.1,166.9
g-46p1_167p0,0.748875082828606,0.9712965873023495,1200,0.22899442598834863,-46.1,167.0
g-46p1_167p1,0.4782614203217511,0.8245490430435166,1200,0.4199721358520693,-46.1,167.1
g-46p1_167p2,0.32313543981105963,0.708245498604762,1200,0.5437522152309702,-46.1,167.2
g-46p1_167p3,0.4648088551233622,0.8053053701994941,1200,0.42281664530783214,-46.1,167.3
g-46p1_167p4,0.634132007388719,0.9093356935105597,1200,0.30264256433110626,-46.1,167.4
g-46p1_167p5,0.6004434514740058,0.8545838970458135,1200,0.2973850156202785,-46.1,167.5
g-46p1_167p6,0.5215431962840521,0.7863201710457604,1200,0.33672921605148476,-46.1,167.6
g-46p1_167p7,0.3425001647321114,0.6604903339874,1200,0.4814456062294997,-46.1,167.7
g-46p1_167p8,0.6349665651585823,0.8361520480845744,1200,0.24060873065713373,-46.1,167.8
g-46p1_167p9,0.46887779970893556,0.7510172752228876,1200,0.3756764122772255,-46.1,167.9
g-46p1_168p0,0.43762383012855843,0.6600340442658348,1189,0.33696779138819477,-46.1,168.0
g-46p1_168p1,0.3923524546054264,0.6620292535284534,1200,0.40734876515760576,-46.1,168.1
g-46p1_168p2,0.25208202918207046,0.5684043767908588,1200,0.5565093453268347,-46.1,168.2
g-46p1_168p3,0.3302456061306454,0.5764477434086924,1200,0.42710226571828824,-46.1,168.3
g-46p1_168p4,0.3269500371833106,0.5330434658952679,1200,0.3866353156882152,-46.1,168.4
g-46p1_168p5,0.2609091422721331,0.5404967823728792,1180,0.5172790092723689,-46.1,168.5
g-46p1_168p6,0.26287275536937355,0.5334733374525482,1200,0.5072429362174904,-46.1,168.6
g-46p1_168p7,0.261207698110049,0.5295521666978796,1200,0.5067384961544812,-46.1,168.7
g-46p1_168p8,0.3247192740582313,0.5335163457489883,1200,0.39136021483584116,-46.1,168.8
g-46p1_168p9,0.22443295458700405,0.47479303816799073,1200,0.5273036111629013,-46.1,168.9
g-46p1_169p0,0.16853711513245342,0.42419368122083445,1200,0.6026882940655749,-46.1,169.0
g-46p1_169p1,0.37624614230048326,0.5694712594353284,1200,0.33930617907994465,-46.1,169.1
g-46p1_169p2,0.2366626695654881,0.49094841139080625,1200,0.5179479878648612,-46.1,169.2
g-46p1_169p3,0.2589901982154856,0.4544635636576762,1200,0.4301188941726263,-46.1,169.3
g-46p1_169p4,0.1696848335769711,0.3930145671001325,1200,0.5682479791296421,-46.1,169.4
g-46p1_169p5,0.29113185989582796,0.47755520197718093,1200,0.3903702468521343,-46.1,169.5
g-46p1_169p6,0.21862014696020873,0.42088943283539265,1200,0.4805758237087654,-46.1,169.6
g-46p1_169p7,0.14539489591369964,0.4108785311303412,1200,0.6461365466973579,-46.1,169.7
g-46p1_169p8,0.1821241735093348,0.3798682976157094,1200,0.520559692260555,-46.1,169.8
g-46p1_169p9,0.22623697068929313,0.3819716338037203,1200,0.4077126397151598,-46.1,169.9
g-46p1_170p0,0.16196231131001965,0.3907889093024035,1200,0.5855503893415546,-46.1,170.0
g-46p1_170p1,0.24074019859859525,0.40477829932856063,1200,0.40525418729726614,-46.1,170.1
g-46p1_170p2,0.4437423406031195,0.5544245512085035,1200,0.19963439635587055,-46.1,170.2
g-46p2_166p9,0.6653256063265167,0.9002706146566197,1200,0.2609715395628186,-46.2,166.9
g-46p2_167p0,0.45899074971495585,0.7974249635586295,1180,0.42440885263155015,-46.2,167.0
g-46p2_167p1,0.5388615041351041,0.786637307057778,1200,0.31498099657822975,-46.2,167.1
g-46p2_167p2,0.5831238285624994,0.851651383144781,1200,0.31530219981646146,-46.2,167.2
g-46p2_167p6,0.43586779635380385,0.7073178820994993,1200,0.3837738202517411,-46.2,167.6
g-46p2_167p7,0.3873084793717301,0.693582019948711,1200,0.44158229563048546,-46.2,167.7
g-46p2_167p8,0.4186222067720251,0.7238444846589118,1200,0.421668306322335,-46.2,167.8
g-46p2_167p9,0.4454541845956585,0.6678355094293753,1200,0.3329881710299114,-46.2,167.9
g-46p2_168p0,0.3547014099941037,0.6330718177137896,1200,0.43971378906893077,-46.2,168.0
g-46p2_168p1,0.40014998762534765,0.6325531618359188,1200,0.36740496804418066,-46.2,168.1
g-46p2_168p2,0.31329728907420434,0.6220687735292255,1194,0.4963622956080028,-46.2,168.2
g-46p2_168p3,0.3723308045690407,0.6672733385379737,1200,0.44201156697668376,-46.2,168.3
g-46p2_168p4,0.23422283271659428,0.49429299449237685,1200,0.5261457570177913,-46.2,168.4
g-46p2_168p5,0.3166799968607344,0.5491318914946168,1200,0.42330794884485634,-46.2,168.5
g-46p2_168p6,0.18894596185386633,0.5352555093355477,1200,0.6469985669303638,-46.2,168.6
g-46p2_168p7,0.2947960594968863,0.5243759686189393,1200,0.4378154661181418,-46.2,168.7
g-46p2_168p8,0.31966823104524583,0.5680136929110934,1200,0.4372173857166487,-46.2,168.8
g-46p2_168p9,0.3067275539398482,0.5755973429170748,1200,0.4671143678576052,-46.2,168.9
g-46p2_169p0,0.2844753498251811,0.5451167735907559,1200,0.47813869686800403,-46.2,169.0
g-46p2_169p1,0.3427153426784491,0.5973334197544803,1200,0.4262578798632862,-46.2,169.1
g-46p2_169p2,0.2532776384075724,0.5222409068839624,1200,0.515017619131378,-46.2,169.2
g-46p2_169p3,0.22672517224539368,0.47714733621571215,1200,0.5248319438528855,-46.2,169.3
g-46p2_169p4,0.45863227774194293,0.6016096323914826,1200,0.2376580210014002,-46.2,169.4
g-46p2_169p5,0.2485775535995054,0.4795473023845504,1200,0.48164122212041904,-46.2,169.5
g-46p2_169p6,0.16207837442755568,0.4054134963219985,1200,0.6002146551657338,-46.2,169.6
g-46p2_169p7,0.2905747139770211,0.47174759244546294,1200,0.38404621744706957,-46.2,169.7
g-46p2_169p8,0.31236764787505217,0.4440245205334698,1200,0.2965081128858368,-46.2,169.8
g-46p2_169p9,0.24975164110299142,0.4089033545833081,1200,0.38921596435054884,-46.2,169.9
g-46p2_170p0,0.36149135999589666,0.5072028320717314,1200,0.287284421265273,-46.2,170.0
g-46p3_167p8,0.4010796144056253,0.6968270794845497,1200,0.42442016647471836,-46.3,167.8
g-46p3_167p9,0.4190087131927671,0.6737793980585411,1200,0.3781218090073427,-46.3,167.9
g-46p3_168p0,0.4349167015734406,0.7002188872272225,1184,0.37888464663434707,-46.3,168.0
g-46p3_168p1,0.45002895813112126,0.6882911424525082,1200,0.34616482709978635,-46.3,168.1
g-46p3_168p2,0.26769522544778324,0.5707772148804118,1200,0.5309987531582349,-46.3,168.2
g-46p3_168p3,0.4669535059018213,0.6659989196763393,1192,0.2988674724446245,-46.3,168.3
g-46p3_168p4,0.3281693777531076,0.616605819418716,1200,0.46778092677996763,-46.3,168.4
g-46p3_168p5,0.37217124210976094,0.614590359358117,1200,0.39444015604400384,-46.3,168.5
g-46p3_168p6,0.18595288204776578,0.5402888994198293,1200,0.6558269432382473,-46.3,168.6
g-46p3_168p7,0.34250025785790394,0.5753265686240048,1200,0.4046854837991336,-46.3,168.7
g-46p3_168p8,0.3008027983043932,0.5851500821377461,1200,0.48593906505923834,-46.3,168.8
g-46p3_168p9,0.36035098557237244,0.6079639405679579,1200,0.40728230487529615,-46.3,168.9
g-46p3_169p0,0.5085455935928025,0.6927117442991585,1200,0.2658626076748324,-46.3,169.0
g-46p3_169p1,0.2911837616359172,0.5704998422181233,1200,0.4895988743769244,-46.3,169.1
g-46p3_169p2,0.2737112568161813,0.5221522732653344,1200,0.47580184779336676,-46.3,169.2
g-46p3_169p3,0.24678465648542144,0.5032451987778768,1200,0.5096134904322303,-46.3,169.3
g-46p3_169p4,0.23990223408139802,0.499549843352288,1200,0.5197631682326115,-46.3,169.4
g-46p3_169p5,0.27396191864544966,0.5223410441462571,1200,0.47551140827306027,-46.3,169.5
g-46p3_169p6,0.2710219061210854,0.4892477296059951,1200,0.4460436099737306,-46.3,169.6
g-46p3_169p7,0.2525111660345876,0.4186715016979724,1200,0.39687519926601555,-46.3,169.7
g-46p3_169p8,0.2526464935072959,0.3881046936505785,1200,0.3490248954969851,-46.3,169.8
g-46p3_169p9,0.2929442654725128,0.43310025833081456,1200,0.32361096573451253,-46.3,169.9
g-46p3_170p0,0.16361939383665672,0.4040588519209996,1200,0.5950604891867408,-46.3,170.0
g-46p4_167p8,0.576960762512659,0.7684662752474348,1200,0.24920483683309824,-46.4,167.8
g-46p4_168p2,0.4549933399037885,0.6574729623707632,1200,0.3079664625855627,-46.4,168.2
g-46p4_168p3,0.35928130821240883,0.6049245078070089,1200,0.40607248743337154,-46.4,168.3
g-46p4_168p4,0.36857915090038657,0.5738804706605152,1200,0.35774230045471733,-46.4,168.4
g-46p4_168p5,0.2761993365791373,0.5842824175239851,1200,0.52728453176875,-46.4,168.5
g-46p4_168p6,0.36069226453851316,0.5953117369414389,1176,0.39411195486979855,-46.4,168.6
g-46p4_168p7,0.39712499031524423,0.617694757686307,1200,0.3570853801596904,-46.4,168.7
g-46p4_168p8,0.32580340499606925,0.6115918793156743,1200,0.4672862475534846,-46.4,168.8
g-46p4_168p9,0.43815781883098054,0.6455548635823652,1200,0.3212694326249519,-46.4,168.9
g-46p4_169p0,0.41019015317584356,0.6201561119764423,1200,0.33856952265041074,-46.4,169.0
g-46p4_169p1,0.1836336407200388,0.46810787457662323,1200,0.6077108489445411,-46.4,169.1
g-46p4_169p2,0.242338722124562,0.5052203923805306,1200,0.5203306798787466,-46.4,169.2
g-46p4_169p3,0.21937686181525082,0.48345833220208684,1200,0.5462341897883545,-46.4,169.3
g-46p4_169p4,0.4200050581486934,0.5822206677977616,1200,0.2786153405763585,-46.4,169.4
g-46p4_169p5,0.22054842295058993,0.459981716669475,1200,0.5205278493513092,-46.4,169.5
g-46p4_169p6,0.35783756774669606,0.5196741869812831,1200,0.3114193917821356,-46.4,169.6
g-46p4_169p7,0.27041398215092216,0.4758806646255798,1198,0.43176093871415777,-46.4,169.7
g-46p4_169p8,0.32660283481750185,0.4954040048628425,1200,0.3407343670789963,-46.4,169.8
g-46p5_168p3,0.36229853298552467,0.625344591185761,1200,0.42064177400408265,-46.5,168.3
g-46p5_168p4,0.34710817124903115,0.5923794335437318,1200,0.4140441892579543,-46.5,168.4
g-46p5_168p5,0.47468911625087273,0.6511760686740836,1178,0.27102800749814315,-46.5,168.5
g-46p5_168p6,0.3234173206705195,0.5682324343873187,1200,0.4308362193030473,-46.5,168.6
g-46p5_168p7,0.36847265073020824,0.6156532371059681,1200,0.4014931969458879,-46.5,168.7
g-46p5_168p8,0.42572859148953934,0.631777919253024,1200,0.3261420215621098,-46.5,168.8
g-46p5_168p9,0.39856585728792654,0.5930976108958324,1200,0.3279928127076406,-46.5,168.9
g-46p5_169p0,0.22186842911421512,0.48887559061822217,1170,0.546165868429543,-46.5,169.0
g-46p5_169p1,0.44696565512217634,0.6052517472874994,1200,0.26152108254903705,-46.5,169.1
g-46p5_169p2,0.2990009435866598,0.5140733599197119,1200,0.41836911441324676,-46.5,169.2
g-46p5_169p3,0.37534533632387046,0.6224908200325444,1200,0.39702671229071773,-46.5,169.3
g-46p5_169p4,0.30896984711785175,0.5293977857148274,1200,0.41637487829560804,-46.5,169.4
g-46p5_169p5,0.2230498791898419,0.43933579536930967,1200,0.4923020579228148,-46.5,169.5
g-46p5_169p6,0.25534784330606475,0.4651023531223958,1200,0.45098569897179663,-46.5,169.6
g-46p6_168p6,0.418744860460858,0.6323319292503099,1200,0.3377768208584372,-46.6,168.6
g-46p6_168p7,0.3810079384456239,0.5631318475536722,1195,0.32341255409229897,-46.6,168.7
g-46p6_168p9,0.26853598688712504,0.5109167472319678,1200,0.4744036316249316,-46.6,168.9
g-46p6_169p0,0.247030384770324,0.5199330274776245,1200,0.5248803755192201,-46.6,169.0
g-46p6_169p1,0.3504871622863521,0.546556997455967,1200,0.35873630029850834,-46.6,169.1
g-46p6_169p2,0.36202360306300035,0.5697713525391495,1200,0.3646159964875991,-46.6,169.2
g-46p6_169p3,0.29841645660389415,0.5446280581240232,1200,0.45207292912562624,-46.6,169.3
g-46p6_169p4,0.4276087765850051,0.6169230629891778,1200,0.3068685509776341,-46.6,169.4
g-46p6_169p5,0.3033298006497873,0.4909566996851936,1200,0.3821658797114177,-46.6,169.5
g-46p7_167p8,0.43519116291765564,0.5455172801685209,1200,0.2022412877861236,-46.7,167.8
g-46p8_167p8,0.5979244642998744,0.6609616261146342,1200,0.09537189350206976,-46.8,167.8
g-46p8_167p9,0.5405103272914848,0.6238642404228449,1200,0.1336090574367016,-46.8,167.9
g-46p8_168p0,0.4845634126971485,0.6066930601823454,1200,0.2013038478608773,-46.8,168.0
g-46p9_167p8,0.38347394936651646,0.6021744289901108,1200,0.3631846008313081,-46.9,167.8
g-46p9_167p9,0.48348984636005743,0.6787804413385318,1183,0.28770804679252093,-46.9,167.9
g-47p0_167p7,0.4590343297282674,0.6644064355781302,1200,0.3091061357212158,-47.0,167.7
g-47p0_167p8,0.40102041275437494,0.5794723756285385,1200,0.3079559447171254,-47.0,167.8
g-47p0_167p9,0.4462408971917936,0.6132617675838992,1200,0.2723484150171741,-47.0,167.9
g-47p0_168p0,0.3061398446104069,0.5760735222247119,1200,0.46857504676115036,-47.0,168.0
